,Gene-1,Gene-2,Gene-3,Gene-4,Gene-5,Gene-6,Gene-7,Gene-8,Gene-9,Gene-10,Gene-11,Gene-12,Gene-13,Gene-14,Gene-15,Gene-16,Gene-17,Gene-18,Gene-19,Gene-20,Gene-21,Gene-22,Gene-23,Gene-24,Gene-25,Gene-26,Gene-27,Gene-28,Gene-29,Gene-30,Gene-31,Gene-32,Gene-33,Gene-34,Gene-35,Gene-36,Gene-37,Gene-38,Gene-39,Gene-40,Gene-41,Gene-42,Gene-43,Gene-44,Gene-45,Gene-46,Gene-47,Gene-48,Gene-49,Gene-50,Gene-51,Gene-52,Gene-53,Gene-54,Gene-55,Gene-56,Gene-57,Gene-58,Gene-59,Gene-60,Gene-61,Gene-62,Gene-63,Gene-64,Gene-65,Gene-66,Gene-67,Gene-68,Gene-69,Gene-70,Gene-71,Gene-72,Gene-73,Gene-74,Gene-75,Gene-76,Gene-77,Gene-78,Gene-79,Gene-80,Gene-81,Gene-82,Gene-83,Gene-84,Gene-85,Gene-86,Gene-87,Gene-88,Gene-89,Gene-90,MutState-91,MutState-92,MutState-93,MutState-94,MutState-95,MutState-96,MutState-97,MutState-98,MutState-99,MutState-100
0,-0.505546747,-1.166232363,0.62892597,-1.052859263,0.748125568,1.13289701,-0.364225449,-0.137924702,1.902971182,0.071194556,-0.596385547,1.259297838,-1.101147786,0.912112409,-0.63841171,-1.729276698,-0.522034649,1.449219816,0.933062838,-0.872183792,-0.151918509,-1.544896437,-0.785892559,-0.792576041,-0.84635237,1.848712955,-0.039782679,-0.341643971,0.790865027,1.358376496,-2.340089799,0.252114058,1.758232985,-0.085428709,0.531650827,0.69609341,-0.967933145,1.152193254,-0.413775121,0.128940442,-0.435800353,-0.166802465,-1.272998189,-0.518064225,-0.347694011,-0.713258385,-0.713805497,1.259837383,-2.706660411,-0.832323535,-0.607851023,-1.306031493,0.417997414,0.319900767,0.551729032,-1.253586205,0.315195679,-1.465506535,0.929570538,1.310347804,-0.11473287,-0.259653616,-0.136369693,0.739778593,-0.604917329,1.710361327,0.9959412,-0.326535941,-0.30019478,-1.315499451,-0.345296773,-0.912404629,0.934258076,-0.645286462,0.701133002,0.879564002,-0.131100465,1.615307018,2.009771513,-0.005803168,0.673067408,-1.193415866,1.005327585,-0.851515315,0.193941474,0.072859048,-0.623186608,-1.158639922,1.100379895,-1.406879101,0.619881754,1.539577946,3.475303625,0.78445048,2.028159305,2.515078134,2.800259812,3.89969741,1.948820826,2.812082437
1,0.171409667,-0.870078176,0.348877553,-0.764442532,-0.11074278,1.173062414,0.596683849,-1.021244612,1.653418937,-0.569114872,-0.039278381,0.81027735,-0.483478608,0.36181914,-0.348401069,-0.310262415,0.530122978,1.287448643,-0.599391335,-0.624601199,-0.432953895,0.295540249,-1.067491146,-0.467615042,-1.156340987,0.533733911,0.913959993,-0.310820038,1.033460923,0.955266142,-2.029804899,0.752769943,0.469971538,1.281426029,0.342313074,0.123909068,-1.127654822,1.028685909,0.020733606,-0.229288687,0.108102685,-0.042343189,0.028791478,-1.334118976,-0.630578045,-0.064906068,0.090124867,0.740610737,-1.767782082,0.375721221,0.395248427,0.40370843,-0.513867717,0.89273573,-0.654673392,0.167184386,0.04736696,-0.802591926,0.408613772,0.278051298,-0.108181,-0.258548316,0.465401525,0.368377203,-0.396649545,0.713290223,0.840870675,-0.578773904,0.933642956,-1.133726054,-0.991757238,-1.291853211,1.675578344,-0.786357957,0.403478056,-0.986929745,0.021355461,0.176065896,2.28194897,0.952624943,1.175869647,-1.260945934,0.106517195,-1.026416965,-0.05286279,0.864314656,0.464854961,-0.718443389,0.789065178,-0.424549227,0,1.680741265,1.689930363,2.668638887,4.162806737,1.856910498,1.174847702,0,1.602112431,1.336140608
2,-0.56162332,-0.949072653,0.247212485,-0.92400069,-0.073837713,0.983773489,0.029262492,-0.012413101,1.888931254,-0.5672099,0.092841038,1.065817562,-0.030440708,0.587538797,0.078155163,-1.336849584,0.046579347,1.233624195,-0.666341539,-1.322392022,-0.355173126,-1.358695284,-0.332162622,-1.424503459,-1.482614754,1.615404444,1.229107681,-0.448663051,1.656595081,1.372735688,-2.84046956,0.849542216,1.105482848,0.95425447,0.336607491,0.506890024,-0.446549176,1.322795895,-1.088947077,0.124411819,-0.936965772,0.134181495,-0.515320407,-1.94923422,-0.666962497,-0.125054553,-1.071353224,1.782022508,-2.85567074,-0.083296947,0.469861404,-0.420130476,0.43642349,0.748106283,-0.532156341,-0.637070178,0.188617586,-1.65318979,0.840012726,0.324152025,-0.238177916,-0.972346202,1.169865758,0.986943153,-0.960926171,1.61910423,1.242374117,-0.217990696,0.316147217,-1.756644546,-0.663965623,-1.414232163,2.099821189,-1.087631652,0.640522986,-0.403322129,-0.313756428,1.560611528,2.974599012,1.007622266,1.908481187,-1.023427688,-0.192269437,-1.464953665,-0.172265442,1.214756635,0.23581186,-0.978354668,1.70169056,-0.742258453,1.933956105,3.026155679,1.756963975,4.094674195,3.543155447,2.709023499,3.053345954,2.920174799,1.377370935,1.942011844
3,-0.578678857,-0.69588584,0.905095197,-0.717480518,1.19756616,0.580273573,-1.153380965,0.315415044,1.4902049,0.327599391,-0.181598689,0.587749056,-0.756544719,1.393838443,-0.910025314,-2.309202956,-1.045739971,1.555249022,0.803849116,-0.385734592,0.129940443,-2.125959985,-0.159547194,-1.844953658,-1.240289012,2.029883786,-0.325553306,0.183237784,1.273492658,1.961575194,-2.085939676,0.827008964,2.109660137,0.069245871,-0.144709627,0.018174,-0.674001404,1.488237005,-0.252251171,-0.040624707,-0.242436789,0.295397311,-1.274117753,-0.855617715,-0.576799722,-0.757808054,-0.495096831,1.22728499,-2.363114343,-0.410396489,-0.564351201,-1.826214841,0.792039072,-0.19838932,0.520068516,-1.286114688,-0.011121294,-1.647012322,0.775304911,1.105513787,-0.429856845,-0.680532366,-0.215105134,0.847369132,-0.3747931,2.078887748,0.934333363,-0.157108159,-0.504223866,-1.232853521,-0.840196041,-0.270176862,0.981039512,-0.56761073,0.289948623,0.987505057,0.411571019,2.230944843,2.034019377,0.235399407,0.708657903,-1.359655432,1.381817097,-1.3233842,-0.043594989,0.092208015,-0.652727552,-1.128795007,1.215898694,-1.159777576,2.710708045,1.33130173,3.051800042,1.080214974,0.867317904,2.992180416,2.073135825,3.878408044,3.164349485,3.078577768
4,0.169086578,-1.548847263,0.321101358,-1.382044871,-0.015776793,1.428775063,0.597132693,-0.863232986,2.033462919,-0.455837028,-0.016822701,1.468245093,-0.533851578,0.503989099,-0.012307403,-0.801753127,0.509803032,1.910951515,-0.885153921,-1.111080833,-0.321397425,-0.545762839,-0.793926103,-1.146630749,-1.795948015,1.36069092,1.237079636,-0.266099292,1.78285905,1.261715408,-3.309225022,0.927343504,1.090113221,1.350702343,0.229429554,0.441708961,-0.819631471,1.354978927,-0.58613861,-0.01783919,-0.292316022,-0.36348937,-0.612472593,-1.926287342,-0.58836455,-0.102745505,-0.52244457,1.261404019,-3.023706719,0.303235059,0.422129239,0.269410108,-0.054204859,1.159795957,-1.074591999,-0.289068389,-0.014639986,-1.807869703,0.908271074,0.154931912,-0.43870662,-0.512031363,0.984024703,0.520252802,-0.621042518,1.146094503,1.164148368,-0.694824841,0.843615262,-1.788676743,-1.20344322,-1.501047805,2.343405697,-1.234932095,0.792774623,-1.146469394,-0.278789755,1.07827633,3.334161022,1.465951955,1.756274748,-1.720977697,-0.039527165,-1.917917562,-0.163537757,1.399995975,0.632843972,-0.791317403,1.398906944,-0.685791632,1.268477802,3.582980146,2.432949334,3.76282687,5.061017186,3.509610913,2.625520463,0.893822677,1.681553267,1.84991791
5,0.541010664,-1.361022471,-0.020744474,-0.86839935,0.293478951,0.619351956,0.411190113,-0.177156162,1.251039911,-0.277676822,-0.304201259,1.015633124,0.130183029,0.521331262,0.173755974,-0.856802357,-0.001097112,1.117834638,-1.031295627,-0.957641979,0.102065575,-1.026755912,0.144367967,-1.649195865,-1.915710047,1.62521361,0.747531753,0.517897347,2.566640055,1.08656805,-2.118719738,0.702783855,0.765377438,1.43825517,-0.347806657,0.698824759,0.60314092,0.775515738,-0.67337693,0.603291661,-0.161834572,-0.132729436,-0.577527462,-1.560043045,-0.43136713,0.538511699,-0.419042661,1.103429898,-2.436094446,0.277891082,1.006101079,-0.172506013,0.520983582,1.225755689,-1.363165467,-0.752809572,-0.069844936,-2.03508407,0.52730492,-0.486475517,-0.104499207,-0.212543046,0.874991198,0.426543546,-0.056991017,1.231817364,0.908528342,-0.31054226,0.698098696,-1.772905472,-0.882537628,-0.277085348,1.471396295,-1.422718175,0.907414962,-1.343618081,-0.528124455,1.453504318,2.276879846,1.109747348,1.573418667,-1.02095173,-0.747990703,-1.607581073,0.043594016,0.677420379,0.711006835,-0.233664333,1.464483896,-0.085597274,3.410555377,3.688877071,2.421953654,3.728456418,3.154673749,3.050886562,0.738203608,1.542654844,0.573070044,0
6,-0.861803454,-1.210292573,1.486051772,-1.079014485,0.967766401,1.186708431,-0.879737421,-0.105056168,2.106866967,0.616259106,-0.177341,1.479483474,-1.525853181,1.120916591,-1.543003857,-1.824414584,-1.622635057,2.082215809,0.8377515,-0.067324433,0.294017392,-1.983671829,-1.014067336,-1.758685198,-1.940128202,2.153699293,-0.304731297,0.349180981,2.074021693,2.24448825,-3.011848343,0.519597901,2.365758209,0.192815715,-0.400023246,0.426954971,-0.679865171,1.653287453,-0.50802592,-0.182236333,-0.897759394,-0.383574705,-1.706543204,-1.110279303,-0.388975173,-1.262391364,-0.039760612,2.254376167,-3.232214425,-0.528109697,-0.323389993,-1.708905193,0.924240061,0.918111747,0.455379378,-1.564073228,0.523206006,-2.206586395,1.145007753,0.864187449,-1.137176134,-0.470978592,0.067182986,0.687599313,-0.286387243,2.246113079,0.801752252,-1.385953712,-0.511794951,-1.912019946,-0.598984176,-1.056365658,0.989440555,-1.158501428,0.698296894,0.608428316,-0.429412921,2.494532757,2.550707727,0.813144786,1.592354871,-2.514531462,0.853009202,-1.898866583,0.397253251,0.697146061,-0.316658034,-0.696718735,2.216828023,-0.794121358,3.019349706,3.853258588,4.674652027,1.719455522,2.009524521,1.880002382,3.339241584,3.817593097,3.913089708,3.927676056
7,1.070100187,-1.713513991,-0.473822316,-1.116789801,0.960780034,0.736474979,0.584523202,-0.320018862,1.636163927,-0.563142821,-0.729927218,0.926949679,-0.039304355,1.061487618,0.337970251,-1.451625923,0.479595843,1.371251895,-0.619494232,-1.657522587,-0.079730614,-1.260195461,0.266229936,-1.806073373,-1.738382928,2.095756747,0.599955754,0.391173681,2.455962513,1.149581035,-2.251698415,1.02646277,1.156438165,1.545309795,-0.029954091,0.954741235,0.265919966,0.658920671,-0.388975086,0.673172092,0.516787815,0.131904188,-0.806977358,-1.252245443,-0.617169855,0.552053594,-0.71269558,0.626400632,-2.801095306,0.016638948,0.593445139,-0.423131307,0.292165306,0.773038008,-1.506291616,-0.815036525,-0.246113614,-2.209292518,0.319958322,-0.07388991,0.403097023,0.059619956,0.540689322,0.537161496,-0.034550605,1.460408387,1.488924281,0.291129027,0.786668023,-1.806084459,-1.11553613,0.065994395,1.707092926,-1.483772462,0.980137059,-1.162445413,-0.026657608,1.637284315,2.529324564,0.601091434,0.806859567,-0.816880425,-0.132645842,-1.421621122,-0.106689298,0.132372475,0.508538092,-0.966271928,0.837421264,-0.653133898,2.58388468,2.859168604,3.062561697,3.504543869,3.268151011,5.119897405,0,2.416673414,0.542561873,0
8,-0.184978646,-0.493982255,0.632101627,-0.462599251,0.648519594,0.090164757,-0.672250022,0.351823261,0.637766474,0.293579072,0.130776521,0.357263579,-0.114653026,0.728003041,-0.489156928,-1.260659039,-0.836913719,0.979754633,-0.195622751,-0.01876877,0.344586049,-1.382396825,0.277096085,-1.695233586,-1.440695816,1.326343628,0.036796972,0.558026203,1.640785111,1.344138106,-1.464997305,0.729731527,1.146697619,0.449651246,-0.688773812,-0.133479258,0.218071985,0.944436512,-0.329023527,0.062837858,-0.284998885,0.103360169,-0.725495891,-1.089816449,-0.36875295,-0.236524319,-0.149131421,1.011013191,-1.503749607,0.236827979,0.21757694,-0.923201945,0.78987793,0.219043259,-0.286766403,-0.728454909,-0.147052453,-1.459821344,0.52375629,0.028700396,-0.573352562,-0.571739477,0.337303318,0.356969478,-0.034604565,1.277670661,0.397439246,-0.365699362,-0.186243617,-0.997476465,-0.739348744,0.016029384,0.832442956,-0.710296007,0.215474384,-0.063721839,0.073283772,1.677607925,1.449563901,0.805967192,0.987564521,-1.11298881,0.295399116,-1.389381471,-0.031694252,0.498182341,0.111573835,-0.204253293,1.16379045,-0.158583386,3.41114073,2.183864419,1.63951923,1.721869065,0.751527346,1.869095648,0.939257174,1.669815998,1.931302093,1.522064256
9,-0.328174109,-1.711401619,0.767263673,-1.490966557,0.252952611,1.098686316,0.13786981,-0.163967599,1.440391874,0.457600629,-0.489370798,1.984960771,-1.151948375,0.124088416,-0.374265946,-0.856833501,-0.665243125,1.485918821,0.250565205,-0.481529482,0.219417648,-1.304261015,-0.657484658,-0.635287288,-1.486879662,1.722807672,0.204358996,0.116754523,1.451112868,0.877601901,-2.830330161,-0.159353817,1.40380872,-0.111288545,-0.056239512,0.947633148,-0.076279246,0.84264037,-0.885591678,0.380192484,-0.997703447,-1.045252766,-1.561211405,-0.785644562,0.07746371,-0.602356171,-0.587425056,1.596791365,-2.943664969,-0.491438715,-0.118424093,-0.61188661,0.862593461,1.213648072,-0.104440615,-1.298880712,0.40025055,-2.024486601,1.33313669,0.464528162,-0.733747924,-0.03868207,0.492603825,0.133878476,-0.292232653,1.129181117,0.411673933,-1.136358174,-0.350394519,-1.597439853,-0.122196005,-0.992217981,0.850625977,-1.044367864,1.143202582,0.066562584,-0.987676838,1.698458522,1.941210613,0.88284301,1.298746739,-1.691814973,0.008235455,-1.515550518,0.490398352,0.776912027,0.060304588,-0.056395099,1.577851246,-0.730026305,1.682842829,4.189883944,3.402743658,0.946958844,2.596786656,1.773478493,3.349818922,2.477731649,1.069823048,2.284394815
10,0.107490667,-2.211634721,0.340468786,-1.696189504,0.27487242,1.693325358,0.771369933,-0.771730914,2.070737096,0.10822439,-1.023167054,2.357066586,-1.488712478,0.204155555,-0.200881169,-0.692491071,-0.036104833,1.651774711,0.499462168,-1.122016969,-0.113363512,-0.900917018,-1.177359345,-0.093247427,-1.167351812,1.785661942,0.228448692,-0.195337092,1.278420793,0.634038008,-2.956914407,-0.370102687,1.375424604,0.159080902,0.610539718,1.565870488,-0.46722795,0.666031,-0.733008545,0.560429193,-0.593498808,-1.153373062,-1.577313264,-0.394123376,0.081000852,-0.409114335,-0.658463259,1.297521051,-3.380521982,-0.905425398,-0.219494067,-0.355754605,0.326591681,1.53731251,-0.221256296,-1.351572394,0.571295266,-1.953074461,1.19951375,0.721769181,-0.211666034,0.485639239,0.206932209,0.236590096,-0.324049401,1.06408011,0.861062757,-0.957921438,0.117711227,-1.808921081,-0.065571223,-1.217906145,0.891941729,-1.163241064,1.500634287,-0.142722578,-1.138448119,1.228370058,2.16583641,0.410787911,0.989972377,-1.532682344,-0.013659072,-1.125248497,0.570379057,0.362080048,-0.033393567,-0.503769328,1.293912375,-1.130168904,0,3.795731616,4.412655642,0.952000052,3.745138985,2.487895444,3.175741382,2.78411625,0.490541241,1.670418508
11,-0.276098005,-1.387107599,-0.025807816,-1.174991214,-0.22271998,0.957855384,0.13678035,0.049278308,1.186503761,-0.139284036,-0.406583698,1.448182712,-0.169559204,0.159768533,0.798124322,-1.095546072,0.43253752,1.014445448,-0.281412191,-1.195648939,-0.347296721,-1.454787773,0.068639479,-0.692100584,-0.815557575,1.531925416,0.647376825,-0.195961673,0.816379874,0.427447075,-2.367556849,0.03812942,0.993458511,0.225743099,0.659884064,0.864843038,0.050456394,0.935683567,-1.28353594,0.816666554,-0.793624728,-0.419971147,-0.974626713,-0.963616283,-0.25054869,0.298690115,-1.454324909,0.778854026,-2.64374251,-0.464676566,-0.043320075,-0.241367374,0.759933706,0.643620743,-0.245980592,-1.159314136,0.109997603,-1.489409321,1.087494974,0.484606894,0.011055911,-0.388878006,0.563925683,0.688989979,-0.554595906,0.884366341,0.894048483,0.268674762,0.033009096,-1.514095734,-0.40310246,-0.66134585,1.257937518,-0.459515717,1.176451333,-0.033212162,-0.582758391,1.255584468,2.122180132,0.518340242,1.099695567,-0.325229796,-0.075396036,-1.168756775,0.020155074,0.509104737,-0.272358021,-0.566150468,0.978690178,-1.218138299,1.411048301,2.431077631,1.505085128,1.508735401,2.849210978,3.025775981,3.136238601,2.801531307,0,0.518880554
12,-0.143925189,-0.909197149,1.25673011,-0.942410696,0.705494652,1.299351065,-0.612236414,-0.917455125,1.877824238,0.210529967,0.171826524,0.820497856,-1.091329155,1.230976364,-1.173458555,-1.473123957,-0.386774285,2.388283362,0.085446512,0.067804535,-0.077895808,-0.720621548,-1.099598358,-1.500282038,-1.629863317,1.237150411,0.160529955,0.074635168,1.280521636,2.124451185,-2.720744914,1.159009202,1.8188399,0.952415159,-0.09529934,-0.542279843,-1.645816191,2.036028456,0.370430598,-0.54895806,0.338037668,-0.010400427,-0.764085288,-1.450240086,-0.744126332,-0.682436212,0.355637952,0.843984625,-2.339507355,0.395431071,-0.324373025,-0.699539811,-0.150554911,0.37858199,-0.011524348,-0.435992712,-0.23926187,-1.379902236,0.835704154,0.902453095,-0.787073524,-0.65176451,-0.206949574,0.593517987,-0.323692744,1.566803847,0.860583593,-0.85969659,0.510206599,-1.251568866,-1.76843495,-1.042303705,1.740010274,-0.590956153,0.156477371,-0.125628518,0.57543953,1.196006929,2.92904268,1.131147027,1.192547945,-2.289349007,1.474941854,-1.938515872,-0.23058969,0.821531971,-0.100825276,-1.026368959,1.196096685,-0.970195994,1.776842291,1.512894743,3.096926463,1.794739395,3.619315384,3.043417014,2.105744956,0.729286936,4.229319134,3.30194627
13,-1.136213687,-0.352199618,0.741436561,-0.710895235,-0.112679939,0.402301162,-0.584150301,0.565767276,1.039678527,-0.012576467,0.362915466,0.786546115,-0.068898602,0.252211065,-0.223201282,-1.273379004,-0.652729805,0.782452922,-0.222938242,-0.483056178,-0.012846533,-1.449738634,-0.120860676,-1.026928794,-1.07379653,1.245083631,0.83774591,-0.456181525,0.801776956,1.16204082,-2.20991371,0.486034923,0.992825566,-0.118635153,0.006032499,-0.018277278,-0.401536776,1.174588771,-0.985319701,-0.105054489,-1.315011419,-0.012203125,-0.591562538,-1.519839673,-0.35090512,-0.578413255,-0.954711674,1.757401504,-1.932040702,-0.066289554,0.049380527,-0.769497788,0.788596887,0.161818226,0.255989448,-0.600623683,0.127051652,-1.194064556,1.041412143,0.572101553,-0.590338742,-1.193639943,0.987275663,0.649875186,-0.990333272,1.342274765,0.432720513,-0.444518028,-0.487765634,-0.974075749,-0.217107079,-1.237163482,1.38475895,-0.551186501,0.20363808,0.528146983,-0.208421035,1.561715509,1.902377236,0.906230957,1.563723602,-0.913594918,0.199772878,-1.150440744,-0.077010071,1.199721846,-0.053235806,-0.464138981,1.504076883,-0.611255119,1.903849085,2.228061306,0.740712934,2.146252849,1.57906147,0.956452021,3.413445829,2.604169439,1.399136718,2.892824476
14,-0.50280806,-0.13340517,0.451528899,-0.505611767,-0.189354333,-0.057536216,-0.185094251,0.469579537,0.268928865,0.092002251,0.453062407,0.496022646,0.294003813,-0.121725481,-0.097611004,-0.463536014,-0.550360936,0.35956031,-0.654425637,-0.183002515,0.369559957,-0.539022946,0.064838026,-0.496046978,-0.829022891,0.619255711,0.962288534,-0.510934464,0.575170178,0.655191447,-1.391136631,0.290675101,0.238654734,-0.213306193,-0.339670803,-0.255509071,-0.108907141,0.540730562,-0.413716345,-0.277703028,-0.81945587,-0.245291341,-0.14695087,-1.243640081,0.108483449,-0.315137643,-0.470269726,1.196750911,-0.83409414,0.35072581,0.369917728,-0.21949501,0.282736226,0.0977306,-0.203471946,0.076807138,-0.241577791,-0.828821032,0.779400552,0.038739023,-0.495644634,-0.963394871,1.095863528,0.035718418,-0.916971891,0.6785187,-0.194426074,-0.685527344,-0.192039936,-0.123122442,-0.08658074,-0.996770989,1.027819853,-0.591709532,-0.259752641,0.064850276,-0.232780929,0.791899738,1.005390092,0.99127049,1.217588596,-0.709775228,-0.198742989,-0.782268329,-0.2169153,1.241441852,0.52387129,0.148943412,1.078193456,0.049933116,1.313480316,1.60889018,0,1.805774053,0.98091384,0,2.123671127,0.298764749,0.069616073,2.240496717
15,-0.872730778,-0.336318859,1.197746259,-0.396112806,-0.05880666,0.414459746,-1.077894496,0.281806507,0.67058706,0.595817568,0.599709445,0.65821318,-0.120866446,0.470414832,-0.556827166,-1.067180199,-1.097929635,1.274412891,-0.519598193,0.529027024,0.298294111,-1.468547649,-0.003906254,-1.772136059,-1.625616528,1.087751448,0.190228896,0.565644954,1.649275433,1.579099712,-1.927708257,0.541574718,1.236440339,0.457001108,-0.665877032,-0.447719481,0.138585697,1.628605843,-0.752247101,0.019495671,-0.938183506,-0.136494708,-0.703331689,-1.594326387,-0.352463282,-0.247110099,-0.10654446,1.41254616,-1.736232826,0.383926317,0.341580037,-0.768928103,0.991502789,0.61891978,0.036246513,-0.910901072,-0.010888306,-1.416466962,0.959013578,-0.048028375,-1.152513705,-1.040627661,0.489777289,0.606680703,-0.217840398,1.296839617,0.166880598,-0.780191206,-0.142397064,-1.273566572,-0.921543149,-0.540009819,0.978142116,-0.463801159,0.294036318,-0.087776446,-0.294088632,1.639214522,1.951694756,1.355320268,1.925107885,-1.485835047,0.109008962,-1.949077634,-0.052789505,1.110902747,-0.016044229,0.117204342,1.921156857,-0.140297096,4.289304669,2.853178212,1.372870344,2.074760054,1.491134426,0.834658262,2.674329555,1.253094525,2.742119359,1.816674587
16,0.873161565,-2.361799397,-0.115433966,-1.43502502,1.367142011,1.45680934,0.252900315,-0.574342509,2.447591155,-0.198704536,-1.226504947,1.62381427,-0.918852738,1.547351395,-0.074825473,-2.086500581,0.074497267,2.127772887,0.267702336,-1.721768884,-0.146506792,-2.059242583,-0.229447426,-2.079214134,-1.903218756,2.877510497,-0.12117832,0.652991972,2.80980803,1.653294083,-2.928082334,0.740277695,2.179547552,1.43172187,0.265951723,1.512850507,0.067447985,1.144662888,-0.569225669,0.970009075,0.427889281,-0.124405432,-1.694505945,-0.861591318,-0.641813838,0.278024232,-0.76626324,0.914222353,-4.013389803,-0.713045552,0.097686396,-1.170441913,0.604534308,1.170952697,-0.961622047,-1.870192995,0.139557682,-2.792178027,0.641861431,0.490352141,0.266359997,0.402484297,-0.141093881,0.918350729,0.166744956,2.117431502,1.917864782,0.137229958,0.606824113,-2.58629217,-1.181928242,0.069913169,1.424176519,-1.548019909,1.605957527,-0.642004476,-0.336257026,2.306938269,3.087692433,0.218707293,0.86013006,-1.361151469,0.359401376,-1.74971536,0.196694074,-0.365254109,-0.158071526,-1.352983474,1.324214645,-1.346875793,3.003229395,3.517217458,5.433260269,2.830160719,3.655611861,5.973494361,1.090497913,4.418876823,1.742928664,0.412015437
17,-0.329977576,-1.125010083,0.191259802,-0.915916425,-0.313677079,0.781636921,0.330818304,-0.061911238,0.893391141,0.09052111,-0.218470927,1.394974371,-0.466329866,-0.208923997,0.254626604,-0.234615855,-0.086997245,0.727967905,-0.204430361,-0.586264465,-0.055701585,-0.832145629,-0.283374325,-0.319327636,-0.859629578,0.962159324,0.436064425,0.006859697,0.97961616,0.215672926,-1.869786484,-0.240825754,0.632497656,0.091192348,0.156388274,0.870228678,0.304790321,0.417188584,-1.07382195,0.452705044,-1.014445694,-0.721031387,-0.874297719,-0.665067913,0.064035423,-0.126219298,-0.711672961,1.128270718,-2.007416861,-0.385087935,0.161635434,-0.000986567,0.657990774,1.052121132,-0.286704516,-0.842081957,0.42605147,-1.245742598,0.833687873,-0.037247713,-0.444405082,-0.0667228,0.672636268,0.222720131,-0.25115522,0.491227611,0.385103326,-0.553779978,-0.115817392,-1.266626385,0.119703762,-0.779370124,0.659968323,-0.672352186,0.970403719,-0.274592382,-0.972508119,0.959641766,1.37640659,0.649214471,1.133616829,-0.748132761,-0.58765827,-0.985094576,0.299859915,0.714117989,0.133182695,0.067176322,1.145062601,-0.359194445,1.037402303,3.269443689,1.580434172,1.280815778,2.000164689,0.991614543,2.582685846,1.650462345,0,0.597502374
18,-0.087637571,-0.172788829,0.886116186,-0.120635355,0.462257887,0.291893889,-0.369730152,-0.277901851,1.15407273,-0.125215449,0.743882057,-0.00711898,-0.083640022,0.869643307,-1.155687508,-0.652872535,-0.864201011,1.299339679,-1.018816651,0.281152593,0.243796993,-0.539825037,-0.31294256,-2.306337725,-2.312912862,0.797713328,0.537600475,0.812861248,2.788137794,1.9717235,-1.72811535,1.519840033,0.877756753,1.79634698,-1.232548839,-0.538176015,-0.034442369,1.207592629,-0.036709651,-0.597560547,-0.18746299,0.442567573,-0.040129019,-2.066983419,-0.828921904,-0.4016433,0.825656964,1.642186245,-1.424402806,1.004362263,1.043061462,-0.312491972,0.293821839,0.911308508,-1.076950546,0.069936261,0.024154906,-1.442793426,0.023132409,-0.778743484,-1.065233961,-0.742845075,0.87323049,0.387066244,0.164407797,1.367129247,0.631515725,-1.112098981,0.554708425,-1.449411088,-1.256880833,-0.557196169,1.554196751,-1.332284216,-0.095464325,-1.372550705,0.155151785,1.424086623,2.258056619,1.675391784,1.89234269,-2.045442745,-0.291689225,-1.963454108,-0.098379456,1.321835865,0.961735861,-0.165053882,1.75956108,0.829181717,4.02667009,3.537089816,1.677962016,4.412296522,2.172660617,1.222483626,0,0,3.499372061,1.638864799
19,-1.372491609,-0.767808375,1.967607639,-0.888146297,0.371177843,1.357203367,-1.152529952,-0.288106486,2.258981466,0.538684053,0.581308023,1.325664618,-1.271158483,1.047833123,-1.751228213,-1.635030461,-1.67443258,2.390649017,0.115759963,0.354519777,0.177968614,-1.696890506,-1.304705621,-2.114590399,-2.352122199,1.724964563,0.270784469,0.21018538,2.275412242,2.738062552,-3.502963439,0.943155422,2.263082483,0.694166974,-0.551647352,-0.265190071,-1.088333562,2.37745936,-0.61480323,-0.630109226,-1.256263756,-0.224721679,-1.216822938,-2.106450865,-0.660125208,-1.330403148,0.213665551,2.701381238,-3.203969791,0.075932987,0.047854221,-1.334838188,0.762316155,1.10505073,0.377759439,-1.109640717,0.461533863,-2.042453149,1.287994081,0.630881405,-1.670627401,-1.192881287,0.534429162,0.926316245,-0.600899655,2.329472478,0.738868179,-1.788442522,-0.174004593,-2.04622484,-1.105819748,-1.790089688,1.709684567,-1.116059639,0.363298061,0.184364793,-0.336864524,2.318656832,3.36535974,1.644189465,2.599773642,-3.024973812,0.718998012,-2.516587389,0.134924452,1.633275371,-0.045206084,-0.621127556,2.840784549,-0.503712348,3.746935303,4.263262047,3.833622888,3.238471406,3.168093612,1.170056914,4.296410959,2.651051599,5.130232544,4.615823147
20,0.390391569,-1.890518149,0.705400372,-1.191508872,1.932085862,1.514340335,-0.555222582,-0.663109623,2.715919667,0.213521645,-0.942302822,1.293122909,-1.605302745,2.106807983,-1.257406008,-2.523384659,-0.815548767,2.615280588,1.083092221,-0.954180573,0.034193223,-2.194980342,-0.792835696,-2.394553522,-1.974951293,2.845087745,-0.753095552,0.726144908,2.671030023,2.494983108,-2.907641905,1.01932773,2.876836165,1.143166931,-0.055348536,0.906265347,-0.736130495,1.627438906,0.03358211,0.258396857,0.551003359,0.083867333,-1.901872932,-0.703510463,-0.76414339,-0.62135231,-0.050838809,1.231915153,-3.815617538,-0.74602119,-0.447143739,-1.931475458,0.497640589,0.780334632,-0.184056574,-1.875636937,0.230472283,-2.617430685,0.58987424,1.003568975,-0.27256072,0.220937255,-0.713508944,0.989954998,0.218302697,2.620905224,1.808821199,-0.413761031,0.235377643,-2.366402637,-1.378370538,-0.087431534,1.183620349,-1.384348065,1.069328439,0.120677198,0.146590359,2.607283975,3.076386333,0.119888772,0.713491177,-2.224556391,1.361806993,-1.871679648,0.207532471,-0.417273256,-0.517080409,-1.625238183,1.515897765,-1.38298682,3.029960314,2.854331871,6.306973695,2.070438838,2.745842234,5.259320069,1.240102478,4.610912958,4.061952209,2.353913059
21,-1.120697287,0.369014274,1.073330788,-0.123311439,-0.408954298,0.800185481,-0.564933498,-0.390849465,1.498128618,-0.403889565,0.988466536,0.109748963,-0.107438868,0.536008448,-0.937989526,-0.723796769,-0.346372139,1.158041993,-0.643147843,0.020668416,-0.343414127,-0.125246592,-1.073716627,-0.982707108,-1.080026536,0.217223857,1.151765374,-0.730854035,0.668002547,1.730240671,-1.965669192,1.133535531,0.665724778,0.893600496,0.084425324,-0.896112742,-1.604592021,1.74088218,-0.111049858,-0.998348642,-0.675234662,0.502171969,0.431433337,-2.047125222,-0.792547357,-0.69452403,0.133820027,1.57402609,-1.205676679,0.616572803,0.329067519,-0.160438908,-0.368293234,0.234447299,0.165911507,0.462894861,0.044580242,-0.318783783,0.51130062,0.478906002,-0.75267809,-1.461390505,0.818453608,0.831578607,-1.079892757,1.238177624,0.570071831,-0.829155891,0.463303172,-0.71927082,-0.988346896,-1.951675876,1.933456089,-0.415639628,-0.518239245,-0.163367773,0.392193064,0.468908845,2.446249738,1.258790982,1.919831908,-1.480099749,0.472292437,-1.175484342,-0.421596637,1.625530072,0.242182738,-0.828641793,1.49554782,-0.212901202,0.824540463,0.90625201,0.338203362,3.467975665,2.990476215,0.058332268,2.624916741,0.253668208,3.207958389,3.283279246
22,0.051948555,-1.508118325,0.688563083,-1.121138881,-0.336178682,1.080278774,0.324104238,-0.574304047,1.146849428,0.322048857,0.094926745,1.666264494,-0.503952834,-0.023247602,-0.10108489,-0.121518056,-0.285591977,1.618630481,-1.057705497,-0.079409409,0.201934461,-0.661060822,-0.468824875,-1.206553733,-2.062919103,1.109651943,0.64442967,0.627357768,2.325084897,0.961434915,-2.70967366,0.248935626,0.868230475,1.092423658,-0.507676549,0.481206935,0.413956067,1.114307139,-0.894101848,0.359391283,-0.764375964,-0.933370223,-0.886188408,-1.617940454,-0.115545137,0.096852343,-0.033041059,1.369369899,-2.57594114,0.399992521,0.79669515,0.304416767,0.631333381,1.810058588,-1.06447476,-0.785383618,0.174556282,-1.977905749,1.039490527,-0.638295319,-1.04878053,-0.226309343,0.898369293,0.144243676,0.047273997,0.739061526,0.360092777,-1.276954506,0.548894225,-1.870778723,-0.857375756,-0.891607959,1.305484383,-1.188784743,1.068861447,-1.403865217,-1.070492457,1.207505086,2.445407853,1.772020272,2.130938005,-1.876926281,-0.839017436,-2.230391417,0.225003233,1.388653555,0.744660839,0.440628668,1.936790026,0.092483538,3.288831616,5.035679442,2.496583569,2.900136384,3.802826763,1.656428231,2.506912971,0.081643893,1.380389899,0.656283913
23,-0.153791971,-0.847304464,0.771255279,-0.658906435,0.622807321,1.044804843,-0.381177147,-0.573324037,1.566206226,0.18980594,-0.142456987,0.824187227,-0.964740198,0.93724913,-0.883917746,-1.097146173,-0.503654484,1.629910604,0.371133232,-0.175529895,-0.025319979,-0.842024332,-0.84566705,-1.096359123,-1.13628906,1.185103481,-0.123776019,0.143146205,1.220454719,1.493712155,-1.917298458,0.554294871,1.479142386,0.605219546,0.004168718,0.138001459,-0.84606356,1.248098721,0.027054815,-0.181902419,0.025077866,-0.104000368,-0.840095851,-0.747344662,-0.407135467,-0.538202376,0.156560019,0.9085828,-2.026300197,-0.171036859,-0.214267764,-0.776270547,0.077328579,0.564767904,0.067793314,-0.741756395,0.142090611,-1.214593748,0.548410396,0.594870619,-0.506690675,-0.202672219,-0.209211774,0.539965669,-0.144336356,1.328132218,0.772920376,-0.662008068,0.230884484,-1.200987178,-0.878648677,-0.678686857,0.91167223,-0.63605041,0.39433557,0.021817483,0.020994221,1.130296113,1.982906066,0.48680939,0.870215299,-1.594054017,0.769267749,-1.244589573,0.039067296,0.327545139,-0.18902669,-0.75579662,1.119986892,-0.684631564,1.359096002,1.670359162,3.080531469,1.363415878,2.212849753,2.01998215,1.638710869,1.626197331,2.757308383,2.036432681
24,-0.752839704,-0.666013685,0.537572302,-0.877991428,1.611230824,0.471932766,-0.798954406,0.682490796,2.198626871,-0.407170957,-0.530740947,0.4912638,-0.704175599,1.610423104,-1.031575813,-2.934148969,-0.983739666,1.118661572,1.191950699,-1.479805444,-0.091632328,-2.380195342,-0.289386017,-1.696291139,-1.121602391,2.581222693,0.194608476,-0.589317112,1.168345527,2.099969234,-2.336718433,1.124760043,2.095895024,-0.097414538,0.260671485,0.49361269,-1.150354989,1.119962089,-0.302199411,-0.209423405,-0.449919717,0.787001888,-1.15293536,-0.96720336,-0.830779832,-1.152472339,-1.091290718,1.942118273,-2.767157536,-0.839797661,-0.604142527,-2.304756006,0.658231043,-0.584383479,0.61834982,-1.111835583,0.188677573,-1.736892164,0.633292049,1.706960014,0.228598613,-0.830192419,0.243097261,1.052299249,-1.020967628,2.70568338,1.462798968,0.128597409,-0.794281445,-1.225680576,-0.263401248,-0.79582457,1.460862854,-1.052544022,0.146049117,1.50411202,0.646885508,2.605247536,2.161162962,-0.272499595,0.474650619,-1.023117108,1.49786722,-0.57554931,0.016951455,-0.012889776,-0.60983252,-1.945315245,1.085330419,-1.46879006,1.253156052,0.948896995,3.264275404,2.018533028,0.811078916,3.390754218,1.982529484,6.094519132,2.514944785,4.394139633
25,0.440411501,-0.343536354,-0.028611916,-0.408271915,0.544595596,-0.295764198,-0.408973932,0.335045792,-0.289046186,0.274861155,0.038427996,-0.03436794,0.324375595,0.443763838,0.362522133,-0.87666559,0.039621708,0.535583437,-0.289892287,-0.114114921,0.305087549,-0.784951614,0.837239583,-0.900308835,-0.464440714,0.721731882,0.017968681,0.273355765,0.355601435,0.388467879,-0.559101885,0.488493095,0.554084318,-0.018053038,-0.363458099,-0.3795806,0.223314341,0.39662179,0.062926925,0.19209961,0.453287734,0.035321784,-0.412775958,-0.399876724,-0.048592747,0.263266075,-0.404736757,-0.429778179,-0.406032873,0.367702337,-0.162452905,-0.346967699,0.344473226,-0.562376349,-0.378296807,-0.216859434,-0.707227533,-0.73455472,0.334270258,0.068718001,-0.047794208,-0.344264997,0.01845938,-0.024191949,-0.02553234,0.330553344,0.070363176,0.409296635,-0.052719275,0.025881546,-0.766803439,0.618726046,0.518362604,-0.022060948,-0.068835927,0.054671814,0.505571155,0.745638402,0.544591688,0.366848577,-0.123197635,-0.112207388,0.59091539,-0.763133821,-0.38853713,0.058702775,0.018481673,-0.101056435,-0.123575549,-0.390466721,1.797461906,0,0,0,0.007619065,2.39742264,0,0,0.225347313,0.339779518
26,-0.627936203,-0.456465549,0.530900503,-0.640651968,0.224415767,0.262942436,-0.702951202,0.490722853,0.546560042,0.268796164,-0.055224981,0.610360731,-0.149019914,0.382000753,-0.003028402,-1.356524435,-0.429787759,0.706258155,0.23902837,-0.289571151,0.04510762,-1.407535887,0.172473843,-0.728679981,-0.523570279,1.177660189,0.140972149,-0.175993284,0.212648243,0.78701956,-1.434637356,0.182931212,1.022421253,-0.432286271,0.155839567,-0.029171281,-0.294052448,0.958721979,-0.562389013,0.232238662,-0.572764826,-0.062425585,-0.75959921,-0.642864248,-0.185031661,-0.2327878,-0.868907266,0.660527841,-1.423322827,-0.234509318,-0.391420819,-0.903583318,0.717821921,-0.246591123,0.489711529,-0.84083228,-0.140759054,-0.91832177,0.908848669,0.82269817,-0.20234889,-0.702024493,0.13504361,0.479136509,-0.563198098,0.999907919,0.281709485,0.092828744,-0.498065409,-0.558866962,-0.351918556,-0.346605918,0.686595443,-0.042255374,0.28385561,0.848891893,0.069089618,1.242913732,1.150752125,0.2906279,0.596423022,-0.40605829,0.725706844,-0.771870984,-0.075045181,0.294166122,-0.504458129,-0.442154012,0.70197962,-0.974698789,1.551276301,0.667820196,0.860935004,0.148478156,0.701432021,1.58291756,2.359673267,2.314046652,0.952316947,1.866124011
27,-0.251229516,0.066638643,0.144482841,-0.024420246,-0.070321938,-0.035578726,-0.152149779,0.175722162,0.16185466,0.020436904,0.452976542,0.054484545,0.15527282,0.079257468,-0.110408532,-0.070794065,-0.327289919,0.24238857,-0.442021399,-0.018643095,0.16029601,-0.322588455,0.096955892,-0.649955651,-0.555793728,0.196677165,0.370706649,0.02536237,0.721584651,0.426578103,-0.600547493,0.331566773,0.209768555,0.248502442,-0.397164693,-0.119478797,0.217168,0.225998839,-0.319399697,-0.249584339,-0.450363707,0.003080539,-0.058976957,-0.704005384,-0.025560991,-0.218750208,-0.036434826,0.724523484,-0.390880401,0.216136143,0.31959428,-0.025685004,0.191972648,0.210841351,-0.336255453,0.070087344,0.03415836,-0.444156211,0.0963798,-0.424247556,-0.503063074,-0.434946928,0.624646316,0.116853053,-0.209970777,0.32382261,0.078013025,-0.391809077,-0.016980992,-0.305024724,-0.08606337,-0.360656488,0.492880714,-0.409059399,-0.139382601,-0.29666815,-0.167376449,0.511332732,0.626677935,0.581207942,0.737167117,-0.502513883,-0.363574353,-0.615176322,-0.1520856,0.725944545,0.386833855,0.096629092,0.703957715,0.379327983,1.151833944,1.424764795,0,1.607943788,0.218608682,0,0.728713938,0,0.537237702,0.624385968
28,0.493373471,-0.519773265,0.172648659,-0.436210342,0.633785282,-0.103638356,-0.446828064,0.167327997,0.171083425,0.219215662,0.285551559,0.058948381,0.326446974,0.74256035,0.070460205,-0.993205236,-0.204720537,1.038299724,-0.778595594,-0.091808094,0.377117456,-1.012199038,0.756500268,-1.821608076,-1.361791311,1.038333199,0.209843334,0.677425725,1.603519392,1.049376972,-1.21470058,0.98056346,0.867857629,0.805777958,-0.80865761,-0.404373355,0.43831274,0.79436381,-0.088935756,0.094888255,0.351288108,0.132457587,-0.467644006,-1.161899697,-0.314515355,0.254025125,-0.118308295,0.183563096,-1.062405291,0.682919675,0.345565732,-0.355806894,0.481829008,-0.006323916,-0.940132734,-0.292581643,-0.626846515,-1.362481751,0.297320756,-0.428869798,-0.456270469,-0.518702264,0.382918912,0.166049414,0.1245591,0.795054266,0.384577276,0.010291889,0.271168496,-0.690447211,-1.21373648,0.467190267,1.058229143,-0.594914096,0.046736733,-0.674800634,0.374311228,1.272687232,1.457007024,0.999024623,0.688078768,-0.839895288,0.223258296,-1.57380161,-0.410412415,0.544342256,0.428156335,-0.097222231,0.642515501,-0.000885962,3.494682854,1.697480649,0.783543027,1.933585842,0.952366529,2.944228998,0,0,1.348059224,0.425996726
29,-0.164865986,-1.427282686,0.827186762,-1.179516254,1.01082997,1.159758455,-0.496742509,-0.291212288,1.924617174,0.26583556,-0.529114131,1.293576747,-1.130830171,1.182541546,-0.782018541,-1.91187536,-0.646303975,1.950219235,0.63243362,-0.615642052,0.028310949,-1.71425626,-0.629282658,-1.48667851,-1.49625516,2.107008848,-0.165331339,0.199357024,1.565694596,1.774233509,-2.679881824,0.596250247,2.05948841,0.405394003,0.082059877,0.492141394,-0.759158964,1.477207713,-0.282329291,0.185619745,-0.124277772,-0.196692145,-1.448063293,-0.868382177,-0.48752167,-0.566583983,-0.410331708,1.18652509,-3.014417829,-0.453985128,-0.412539703,-1.337404141,0.568058724,0.527077002,0.128285301,-1.377279722,0.101861879,-1.967709375,0.976875054,1.023436859,-0.381598258,-0.252259233,-0.194299336,0.689719594,-0.260390156,1.892030485,1.053753347,-0.487415058,-0.071295406,-1.653310087,-0.949454689,-0.578042666,1.167936533,-0.867911751,0.800664449,0.391323774,-0.01893013,1.972737114,2.480473586,0.457414913,0.917937529,-1.708351563,1.07335846,-1.552312575,0.148518276,0.182339797,-0.419132668,-1.026818252,1.328537882,-1.263389197,2.179799929,2.345665779,4.052509912,1.277905702,2.537263892,3.470923273,2.357771063,3.382419503,2.789317887,2.662506646
30,-0.454564118,-0.464396882,-0.162895833,-0.723427875,0.243166117,0.206875282,-0.188606535,0.552494968,0.767461349,-0.451605711,-0.246957985,0.379769362,0.123976327,0.386582967,0.548571215,-1.474614255,0.389595687,0.304118827,0.208252659,-1.218954602,-0.40193737,-1.298754613,0.363411288,-0.473901893,-0.130954694,1.184609174,0.591568267,-0.639209255,-0.203335415,0.36548423,-1.378418794,0.443341746,0.728080639,-0.298236722,0.666322377,0.284903139,-0.497081595,0.549735203,-0.713259421,0.29011736,-0.453973435,0.334991057,-0.472397983,-0.617183718,-0.453282988,-0.11434478,-1.476679577,0.462379192,-1.44385514,-0.399649909,-0.47343249,-0.63719712,0.505271593,-0.625851608,0.249338725,-0.493701231,-0.116547137,-0.666271803,0.603507494,0.995903044,0.430183425,-0.655953055,0.410893331,0.611052763,-0.798352019,0.86005344,0.801970372,0.826655839,-0.443281533,-0.520994874,-0.146715692,-0.410599106,1.115629755,-0.05504808,0.32707913,0.824661357,0.384474836,1.054947924,1.225891742,-0.096006249,0.108836497,0.311971428,0.703676387,-0.22968713,-0.196465475,0.13647931,-0.483792015,-1.041033762,0.037544846,-1.259465149,0.025223365,0,0,0.620557053,0.953663099,2.601475535,1.844813548,3.042786165,0,1.49144078
31,-0.430568562,-0.783273497,0.634925027,-0.901642946,0.731052137,0.40907699,-0.431482748,0.304529581,0.976691062,0.282798268,-0.36712071,0.869605514,-0.737403754,0.535417853,-0.548486452,-1.401741836,-0.733074979,0.906010037,0.716607282,-0.411093972,0.190994875,-1.322359491,-0.255656668,-0.620374147,-0.751758525,1.465882421,-0.044190245,-0.187204446,0.508397205,0.964086747,-1.69516123,0.190821393,1.274646961,-0.519349907,0.014489651,0.301799554,-0.52526739,0.696173201,-0.266898347,0.029512617,-0.456755464,-0.232215493,-1.079002394,-0.391422623,-0.114534493,-0.725193621,-0.580640166,1.024098544,-1.759650753,-0.453213027,-0.525747734,-1.156123421,0.601981424,-0.058738377,0.461138879,-0.873661932,0.055791585,-1.225054098,0.862519141,0.989793751,-0.241290383,-0.329627754,0.061760812,0.24157803,-0.475044686,1.231960261,0.358781964,-0.387848529,-0.643537557,-0.65294133,-0.115018019,-0.502438952,0.58981184,-0.493980205,0.3313793,0.932890316,-0.004160098,1.487020021,1.113108422,0.163480543,0.363138701,-0.944096474,0.87216639,-0.670812836,0.176841222,0.179575135,-0.348727037,-0.560404931,0.733927604,-0.91180638,0.91289849,1.30383134,2.163183063,0,0.69865993,1.624343357,2.032676662,2.766609886,1.22102258,2.757822992
32,-0.402333451,-0.640795733,0.682798903,-0.506091553,-0.355706391,0.472663169,-0.166973879,-0.059703702,0.386595772,0.529070972,0.390530184,0.980530735,-0.33003807,-0.164886461,-0.213559336,0.078719963,-0.671680189,0.891869714,-0.598451094,0.394085574,0.316365445,-0.645317179,-0.174041465,-0.872952592,-1.281853359,0.536837946,0.22150193,0.547466558,1.466178268,0.605315456,-1.552158142,-0.005787483,0.611863909,0.348312088,-0.631252557,0.147942976,0.579041609,0.679025845,-0.801501741,0.092940493,-0.957268566,-0.705496133,-0.685633248,-0.985439487,0.106876773,-0.213849404,0.063280978,1.177328198,-1.378062885,0.219110534,0.45768009,0.057742701,0.721712578,1.137494248,-0.425467492,-0.595861958,0.260528101,-1.187684787,0.706916857,-0.637143255,-1.130985179,-0.308182899,0.67521911,0.052204501,0.080564646,0.398384645,-0.076958671,-1.084342634,-0.033476753,-1.097865992,-0.26587195,-0.551022078,0.494253808,-0.636232545,0.543250536,-0.648078006,-0.886243247,0.965047981,1.244821538,1.237141819,1.542103653,-1.314300726,-0.693647628,-1.540179747,0.182426225,1.109504597,0.429329187,0.63845987,1.527172956,0.373868089,2.665301525,3.684970931,1.215189095,1.602406737,1.3949224,0,2.110163856,0,1.15180116,0.633917802
33,-0.248220685,-1.363661781,0.634781282,-1.242855801,0.101998152,0.754678062,0.07629652,-0.031410806,0.969743435,0.419861268,-0.17130788,1.574091529,-0.729624416,0.021633541,-0.159552311,-0.631569804,-0.531175508,1.248032302,-0.153667743,-0.300180652,0.266618486,-1.111387413,-0.293215122,-0.762062115,-1.430225811,1.367729312,0.342681009,0.211119873,1.390943871,0.725654969,-2.444249245,0.013631907,1.088008168,0.013328394,-0.282526445,0.599220721,0.160035491,0.739239047,-0.846012253,0.287287296,-0.905536576,-0.885994998,-1.234841339,-0.940286364,0.065585485,-0.418089221,-0.513549101,1.339839635,-2.368358124,-0.140029607,0.061401272,-0.33450677,0.829194749,1.000316873,-0.340379581,-0.946391403,0.199521535,-1.781760203,1.140287145,0.096820309,-0.796360398,-0.208807138,0.666233951,0.044624794,-0.227173931,0.836003884,0.247402653,-0.97475324,-0.266034127,-1.3207616,-0.241796,-0.76651786,0.89048423,-0.902938223,0.876692548,-0.187780873,-0.80581291,1.49042137,1.726006363,1.065255841,1.276044544,-1.459169336,-0.161180143,-1.546192354,0.294721485,0.942296991,0.259180485,0.147329968,1.392618209,-0.400537434,2.023679329,3.900666964,2.316477804,1.191297573,2.178629523,1.58476343,2.807745122,1.521043134,0.869632126,1.785859295
34,0.517682573,-0.928251884,0.241194174,-0.49896366,0.319198298,0.68159105,0.065019319,-0.536926596,0.962864334,0.028120557,-0.16365149,0.644124798,-0.180438755,0.622264917,-0.194291931,-0.57992214,-0.047366655,1.213557354,-0.575496552,-0.261196304,0.084592883,-0.493381954,-0.202608807,-1.226590675,-1.32898307,0.967295035,0.179975255,0.532188786,1.7482253,1.035814222,-1.404889127,0.544645324,0.766679154,1.194662355,-0.255462609,0.20128111,0.06960697,0.883973304,-0.057201584,0.27344123,0.326616159,-0.110007937,-0.413044304,-0.960092157,-0.332348037,0.370234313,0.181233027,0.413616298,-1.596677202,0.300536657,0.540976338,-0.143076676,0.081064243,0.879948425,-0.812715929,-0.531289253,-0.15194062,-1.287597401,0.318373937,-0.240640578,-0.218534373,-0.047814005,0.110309453,0.334515631,0.158647013,0.867421738,0.616667316,-0.353842498,0.760128386,-1.192935966,-1.056748443,-0.105678447,0.91447972,-0.798925517,0.535484268,-0.987863168,-0.178362813,0.777808225,1.720808777,0.77529587,1.022539637,-1.055654754,-0.115877551,-1.31117437,-0.04743555,0.318184673,0.33806038,-0.224239641,0.991954636,-0.147458111,2.432107975,2.008429056,2.241121853,2.188497863,2.480786147,2.2455618,0.320634775,0.334082347,1.346371797,0
35,0.038633018,-1.758034358,0.689378149,-1.276510597,0.45055978,1.667149162,0.197164397,-0.988864981,1.82293681,0.472707556,-0.721328582,1.891742324,-1.712304646,0.518031346,-0.65827776,-0.647667271,-0.307128772,1.910676316,0.807632299,-0.366696308,-0.04149195,-0.736033515,-1.314195399,-0.274754655,-0.95562069,1.358116365,-0.376011145,0.103040912,1.011784905,0.907882701,-2.426341371,-0.263285086,1.622322431,0.160009739,0.400375419,0.983839099,-0.74635182,0.947933838,-0.25162816,0.22093386,-0.185972972,-1.001120081,-1.523090536,-0.091997511,0.055153206,-0.601997826,-0.027003165,0.849011705,-2.759257701,-0.76381624,-0.541925979,-0.510713236,0.135714752,1.242366046,0.151635785,-1.264939432,0.480000586,-1.51962092,0.958369621,0.73966898,-0.546839799,0.498050258,-0.428971575,0.264370493,0.004915224,0.962307607,0.694896591,-1.033984755,0.146453714,-1.507647942,-0.428848549,-0.890969964,0.488731408,-0.712947307,1.133974179,0.061486678,-0.75633203,0.992580922,1.908586387,0.298562346,0.702376554,-1.790424338,0.54850752,-1.221669716,0.431238111,0.145862917,-0.323701935,-0.489755818,1.1245941,-1.033778135,0.181318155,2.780276214,4.393552186,0.097141031,2.945061276,2.069941005,2.703709467,1.857000477,1.841597191,1.695301031
36,-0.542169908,0.256210385,0.99846258,-0.410489867,0.681733991,-0.409421133,-0.889671829,0.581297166,0.224710417,0.263646486,0.713591275,-0.209448425,-0.028313991,0.561005857,-0.90455474,-1.210456153,-1.003815058,0.761420989,-0.176362148,0.385340393,0.489413049,-0.814984375,0.172829719,-1.27667668,-1.180972064,0.736782849,0.456429878,-0.096774324,0.631707888,1.396833871,-1.340163284,1.11263139,0.844499995,-0.185726336,-0.921660793,-1.077651414,-0.668771331,0.909896874,0.229117226,-0.828710289,-0.293521939,0.284746348,-0.26535612,-1.324257628,-0.354592408,-0.940774638,0.032855473,1.056702221,-0.522265421,0.74803829,-0.121256917,-0.84029119,0.407146764,-0.705049055,0.058478835,0.281063599,-0.504922772,-0.830479412,0.566773252,0.408386463,-0.811917321,-1.167275631,0.64891932,-0.033850678,-0.576680424,1.046463012,-0.130534174,-0.669572678,-0.571893274,0.075471842,-0.696759306,-0.516071812,1.169187673,-0.434002967,-0.76819299,0.508318159,0.796692111,1.337263073,1.07275833,1.08689176,0.682104683,-1.300708962,0.989535167,-1.104851292,-0.323285489,1.095029143,0.337968162,-0.225682267,0.682593483,-0.007133212,2.047990535,0.887183154,0,1.141755296,0.051731313,0.851586883,1.05414651,0.296643012,2.286976316,3.70793731
37,-0.757011995,-0.587256565,0.520644917,-0.878795171,1.101628493,-0.436844504,-1.395529417,1.685094729,0.687199663,0.12604108,-0.122276071,0.332397693,0.534638866,1.124185626,0.111676826,-3.116129521,-1.023795155,0.738272973,0.034007842,-0.943884087,0.312950319,-3.25882065,1.397734266,-2.506863988,-1.550458968,2.737978555,0.351768581,0.228051711,1.520179613,1.736796533,-2.142557572,1.065036143,1.781776464,-0.259991233,-0.426675762,-0.054384982,0.417542948,1.349651656,-1.096545946,0.624486236,-0.83665046,0.64545655,-1.208795968,-1.579283378,-0.704171736,-0.124680248,-1.755399084,1.429516971,-2.414318831,-0.113339309,-0.120668971,-2.136470728,1.827989106,-0.822036365,0.173317762,-1.515509741,-0.47760634,-2.19063126,1.140541085,0.960018521,-0.026786273,-1.430314168,0.695127982,0.92661186,-0.752445812,2.323033899,0.811357335,0.751809427,-1.062271225,-1.193312725,-0.699099414,0.306642433,1.447619732,-0.632850155,0.353918719,1.193022847,0.53293154,3.149510439,1.918253329,0.534453009,0.970583058,-0.314708522,0.962538241,-1.427527533,-0.204765041,0.299542353,-0.520170472,-0.902854545,1.232649105,-1.250135944,4.984280347,1.666714991,1.103228067,1.785299705,0,3.980701291,2.197217344,5.336758016,1.433722003,2.758690254
38,0.01264977,-0.847141566,0.717931945,-0.613793703,0.757545556,0.950119625,-0.237729754,-0.592042165,1.696171627,0.031525109,-0.024079046,0.703378344,-0.855307667,1.048138193,-1.02959365,-1.046230527,-0.589188867,1.669394197,0.063743964,-0.256943355,0.052251192,-0.797376542,-0.795606482,-1.509565962,-1.570398477,1.265026274,0.058727169,0.316548035,1.880347501,1.71734944,-2.040415424,0.883161687,1.443052447,1.050566715,-0.325209057,0.142944837,-0.654775213,1.178966342,0.051595865,-0.30733557,0.055069634,0.030626266,-0.731081691,-1.098320698,-0.53301732,-0.564266461,0.352950962,1.21607414,-2.121680719,0.057080828,0.142340478,-0.707625333,0.068867224,0.766559066,-0.383291943,-0.563917513,0.160059767,-1.466875801,0.357449498,0.217088914,-0.613710103,-0.229686033,0.105293989,0.507206199,-0.051190458,1.478054634,0.90414128,-0.846311469,0.385431517,-1.41360644,-0.976678898,-0.686388236,1.172143549,-1.042612287,0.331285594,-0.44988842,0.022102498,1.33182277,2.223851456,0.766095725,1.125675143,-1.858280329,0.461029611,-1.471899964,0.027244498,0.561517032,0.202525601,-0.728394057,1.345413583,-0.287232316,1.975052606,2.479066429,3.230762327,2.498076962,2.409941109,2.181988961,1.077753278,1.449149607,2.993637985,2.016628578
39,-0.489412582,-1.905150758,1.039684087,-1.879292902,0.988940539,1.51664983,-0.211963971,-0.277111174,2.514094457,0.144963468,-0.76124253,1.994991429,-1.574461159,0.993578903,-0.864314716,-2.222020519,-0.626413304,2.190731772,0.920090995,-1.085206664,-0.069327811,-1.871503083,-1.078189521,-1.034963281,-1.617990601,2.55092933,0.276280459,-0.420237984,1.244147208,1.814367343,-3.74556112,0.495024639,2.290645065,-0.093756618,0.446582191,0.795513275,-1.390161746,1.595763038,-0.508933938,0.10236238,-0.606346588,-0.526736915,-1.798723284,-1.075701694,-0.465028319,-1.050434602,-0.926850856,1.79191595,-3.86991993,-0.720075272,-0.723791668,-1.455322881,0.625807562,0.564921433,0.390001534,-1.455505027,0.230817489,-2.30934048,1.558530451,1.704943594,-0.362350659,-0.40645554,0.152293804,0.629950754,-0.828871932,2.156009284,1.135178105,-0.806413556,-0.405469586,-1.787826082,-0.674771838,-1.423526652,1.674649185,-1.095738652,0.996900474,0.871595735,-0.160603687,2.268655448,2.988187584,0.589359638,1.081250201,-2.048652408,1.364473978,-1.558207264,0.307742538,0.555087809,-0.446920245,-1.302152515,1.477062684,-1.816487103,1.036180785,2.97319522,4.573647735,1.117756929,3.575391901,3.764186782,3.947519375,4.419431728,2.58913759,4.446341782
40,0.008079037,-0.89286644,0.272043716,-0.534502675,-0.083702441,0.5780926,-0.08725072,-0.059198785,0.983059109,-0.039481498,0.181434442,0.812883571,0.232468509,0.437324653,0.119216721,-0.710630572,-0.235994085,1.110471646,-1.112808996,-0.4448226,0.08305375,-1.121642823,0.17121582,-1.780762505,-1.772586502,1.249236382,0.644646558,0.589878368,2.347926482,1.166743179,-1.953124602,0.646884527,0.803172698,1.320182317,-0.436550663,0.301929633,0.642297974,1.083649416,-0.883823282,0.437062139,-0.528772767,-0.089409018,-0.474028839,-1.686473381,-0.416632029,0.437824476,-0.324203582,1.187366184,-2.114224035,0.364371907,0.945278574,-0.149838697,0.668797338,1.155649951,-1.023819616,-0.757723311,0.007444203,-1.716923928,0.563393565,-0.632134575,-0.537562406,-0.552468203,0.858850308,0.605227272,-0.073526095,1.121099445,0.712721212,-0.392138149,0.569549979,-1.70564686,-0.920424242,-0.372227512,1.330711867,-1.044101625,0.723301171,-1.174930094,-0.566562611,1.382152447,2.249886266,1.273253164,1.895973769,-1.056346727,-0.760827699,-1.809919697,-0.071302303,0.9518229,0.519887712,-0.038850444,1.731586131,0.062493924,3.917248053,3.580388517,1.693211075,3.65814874,2.664734457,2.129893674,1.461598138,1.15178384,1.247698032,0
41,-0.818773921,-0.687869247,1.110466779,-0.896511692,0.61516086,0.33577607,-0.650717338,0.454502137,0.960932435,0.554602688,0.072519933,1.004038849,-0.856319503,0.414621686,-0.96796704,-1.221842826,-1.382292391,1.091393525,0.456786032,0.067465766,0.458190905,-1.50875687,-0.326707317,-1.10041739,-1.398680361,1.477687106,0.030167621,0.126536568,1.232147921,1.320421831,-2.12577458,0.313482027,1.432124401,-0.432849021,-0.607902057,0.132289713,-0.211513412,0.864143651,-0.540860999,-0.228555906,-1.054493419,-0.422338118,-1.236525577,-0.895431204,-0.078407221,-1.120633899,-0.280434661,1.831538978,-1.962218079,-0.205300299,-0.239347708,-1.192917404,0.979852102,0.351969739,0.326080336,-0.896742257,0.253287842,-1.598679702,1.011083628,0.523495423,-0.988202455,-0.583474607,0.518589063,0.146169095,-0.39074347,1.387793809,0.130654002,-1.125927971,-0.868621746,-0.963065479,-0.058617981,-0.77795277,0.69181649,-0.83351474,0.279448666,0.689418981,-0.327819988,1.972199195,1.375768322,0.82461368,1.093322222,-1.682146581,0.483866073,-1.298666726,0.293297817,0.858408133,0.002365743,-0.109823279,1.490860632,-0.332098398,2.255533433,3.108249526,2.301000923,0.857160728,0.590124487,0.741691655,2.652833679,2.496610238,2.082529518,3.462379223
42,-0.487166455,-1.363417231,0.681842894,-1.318015212,-0.121672739,0.906809447,0.078440017,0.008038049,1.33157906,0.147408942,-0.047546025,1.652658332,-0.504938138,0.061553691,-0.067974649,-0.877753333,-0.412612252,1.34012609,-0.486929068,-0.593878039,0.092755661,-1.263777536,-0.357066766,-0.991353133,-1.67769252,1.550763663,0.817786363,-0.025151488,1.599337222,1.000136077,-2.940638398,0.251809235,1.101857605,0.299438734,-0.11245063,0.563499914,-0.032907148,1.097019647,-1.097377172,0.290163143,-1.162376174,-0.703290975,-1.062118619,-1.535388983,-0.174548752,-0.322586284,-0.791343695,1.72126326,-2.79346298,-0.035034656,0.294967167,-0.316059342,0.84420823,1.094616792,-0.421906045,-0.916598662,0.19995507,-1.930057626,1.2997112,0.192828663,-0.737682973,-0.599082452,1.026446625,0.336931658,-0.574716792,1.152898428,0.490598167,-0.911169598,-0.106323707,-1.609673319,-0.415045321,-1.201498143,1.471446403,-1.044868932,0.910592467,-0.31173631,-0.795827587,1.637137371,2.370976808,1.328181429,1.81750844,-1.489335311,-0.267892685,-1.743532229,0.198525401,1.290384894,0.325584787,-0.091827848,1.747092582,-0.543882263,2.349667776,4.16499939,2.162674111,2.335064168,3.118350089,1.868479851,3.465038258,2.005718933,1.052550565,2.153888606
43,0.549699303,-1.093318599,-0.283209757,-0.470193147,0.640915098,1.387635797,0.335657931,-1.004332144,2.186877055,-0.692117789,-0.607334435,0.630685059,-0.541914146,1.289589197,-0.207406411,-1.112576889,0.586734637,1.445680559,0.094870985,-1.384573645,-0.581869544,-0.594409342,-0.808235616,-1.119080414,-0.802045858,1.308050658,0.19622998,-0.098338501,1.481807646,1.267346067,-1.630698635,0.771414413,1.196134628,1.587885026,0.751258325,0.817649933,-0.814025981,0.969229469,0.017487236,0.205882951,0.680231857,0.423538429,-0.387921223,-0.676277626,-0.722275597,0.246659844,-0.184846438,0.42047346,-2.317569059,-0.457590731,0.153235787,-0.417695639,-0.524370289,0.744759207,-0.575444058,-0.650287059,0.195908719,-1.086035775,-0.076324719,0.443003551,0.483212866,0.173399539,-0.251890787,1.023447881,-0.167333587,1.401940125,1.716257996,0.278849345,1.106089417,-1.597416003,-1.019866544,-0.520374577,1.275595523,-0.869726867,0.700636756,-0.691179254,0.100638412,0.661659075,2.405142543,-0.140994764,0.616477544,-0.753088401,0.325790341,-0.72837666,-0.154028706,-0.253130399,-0.145386932,-1.538781613,0.732301672,-0.924551795,0.333476001,0.842912774,3.374280988,2.941106896,3.328741126,3.618713934,0.369286085,2.322473276,1.706848088,0.041246816
44,-0.072680882,-0.051976228,0.682926303,3.11E-05,0.338588204,0.630350392,-0.38125603,-0.666417047,1.149421037,-0.205587672,0.387449077,-0.128760652,-0.35062064,0.891817644,-0.906837285,-0.633255252,-0.190293665,1.191865673,-0.300397971,0.202131539,-0.215009365,-0.111891817,-0.661473864,-1.315437666,-1.150859674,0.341437515,0.132095349,0.3557225,1.257586682,1.465737256,-1.091306182,1.104188446,0.790929262,1.348648942,-0.284167749,-0.546944962,-0.841609084,1.215293771,0.329579386,-0.498391696,0.345827642,0.527286794,0.102825371,-1.147176597,-0.816561234,-0.252623981,0.679530602,0.57615913,-0.940608379,0.551869881,0.278028152,-0.225578159,-0.236181213,0.374671794,-0.297551886,0.073902512,-0.007067532,-0.512328846,-0.071681064,0.05256822,-0.467947047,-0.426893754,-0.05341115,0.540033,0.106366111,0.936566452,0.719687827,-0.421416476,0.649174061,-0.931369223,-1.241619588,-0.467024583,1.100786077,-0.444067768,-0.084981081,-0.664507404,0.528135009,0.508987481,1.764053472,0.761405447,0.928631031,-1.30962529,0.518628791,-1.124304525,-0.16836931,0.501939616,0.154430401,-0.666724105,0.790977463,-0.020565137,1.612914206,0.86137657,1.361343784,2.291107005,2.09817913,1.325626753,0,0,3.19621089,1.149030495
45,-1.228280308,-0.178966296,1.260019857,-0.468600782,0.609881428,0.336424712,-1.350287177,0.607598583,0.934066445,0.593938841,0.069705121,0.563840675,-0.688313262,0.761085458,-1.017053883,-1.793594778,-1.427466422,0.987091954,0.894466773,0.220290231,0.235025501,-1.812383388,-0.302752072,-1.093596405,-0.79505492,1.425046096,-0.316775545,-0.062895005,0.483959759,1.562370229,-1.580313604,0.267047364,1.621376789,-0.663267752,-0.134086352,-0.228297405,-0.664837765,1.345644483,-0.383935427,-0.163062178,-0.865470207,0.058175123,-1.043940067,-0.639318827,-0.273667294,-0.954572758,-0.42045627,1.410630814,-1.61381099,-0.434047256,-0.611661807,-1.72004839,0.907597452,-0.25077997,1.149809574,-1.147700023,0.150171502,-1.044915534,0.983282009,1.187805887,-0.649214477,-0.875902802,-0.134632444,0.647185225,-0.575599665,1.670896744,0.228565866,-0.49262598,-0.917832936,-0.699027433,-0.259879353,-0.597448486,0.442415891,-0.151346606,0.064097115,1.478862174,0.114899342,1.799411553,1.211455233,0.234098944,0.843115844,-1.135893016,1.190479681,-0.894182906,0.121302735,0.295429246,-0.779272522,-0.57347617,1.295053171,-0.932685166,2.142328735,0.898283705,1.99024504,0,0,0.632033581,2.850990077,3.356743351,2.66604853,3.462991508
46,-0.397088157,-0.899535642,0.255414773,-0.731793504,0.55046438,0.520274123,-0.18302227,0.296650472,0.937267295,0.355792955,-0.548826386,1.114908945,-0.808497862,0.335388066,-0.323207393,-0.920815297,-0.779808006,0.622144217,0.881170302,-0.607499155,0.227949252,-1.339745077,-0.288704731,-0.311095591,-0.399717891,1.396038755,-0.263857417,-0.164226521,0.609212795,0.531118322,-1.329896699,-0.370944165,1.154837359,-0.656542009,0.16017695,0.94428114,0.056713913,0.196976796,-0.582129924,0.264089077,-0.718297797,-0.512274697,-1.250990112,0.128647253,0.268936238,-0.629601008,-0.642647049,1.129357062,-1.775656493,-0.97212043,-0.43043838,-1.065380822,0.623401429,0.376538486,0.426800705,-1.169195922,0.427189533,-1.194088769,0.683647954,0.605785198,-0.214771023,0.083299672,0.056754397,0.261708152,-0.356887855,1.030641118,0.367866604,-0.453473741,-0.651996945,-0.775796254,0.504046723,-0.433143043,-0.003609078,-0.60612638,0.598459996,0.849614401,-0.661662741,1.352124639,0.679146544,-0.241189344,0.330892091,-0.664563579,0.189215785,-0.357463661,0.329182181,-0.042743245,-0.362535265,-0.331239693,0.920382431,-0.665846305,0.488386301,1.863620888,2.636666041,0,0.075020136,0.878508402,2.16326753,3.139396719,0.245155156,1.655195315
47,0.039962178,0.129212994,0.016842352,0.136169553,0.105570792,-0.138862286,-0.330392664,0.169294835,-0.032395062,0.049006413,0.223863286,-0.204757621,0.37180588,0.299331676,0.033797858,-0.34661703,-0.161497524,0.175722997,-0.34366402,-0.00015791,0.14555625,-0.344008954,0.31556084,-0.646229359,-0.281676143,0.240222064,0.116844065,0.098952842,0.455201373,0.429355866,-0.107405843,0.305819631,0.18330257,0.275484069,-0.218434728,-0.259602892,0.172947293,0.321630691,0,-0.013731721,0.100077277,0.21622326,0.064545193,-0.429394741,-0.072259729,0.20274809,-0.029243825,0.069827132,-0.089349354,0.222364397,0.233752236,-0.209357649,0.055283116,-0.110024906,-0.202845077,-0.046678427,-0.251661007,-0.258921474,0.007616617,-0.178124707,-0.07572839,-0.356166248,0.133609156,0.212317534,-0.120352389,0.356711243,0.088491527,0.105137013,0.174928175,-0.066020654,-0.373410971,0.126152233,0.284366051,-0.11032589,-0.191784237,-0.142252309,0.143302319,0.300077885,0.373536813,0.220392397,0.345868758,-0.067868059,-0.009101435,-0.363862421,-0.263111992,0.16054002,0.092338652,-0.058272724,0.332249475,0.073869868,1.28565429,0,0,0.943137698,0,0.529305146,0,0,0.346359314,0
48,0.372594347,-1.502996944,0.294593051,-1.010419146,1.340271649,1.118522937,0.179441152,-0.580052755,1.940066256,0.074732379,-0.975981035,1.204976595,-1.494172139,1.093863536,-0.944450038,-1.259033769,-0.517480577,1.49927129,1.143478269,-0.879132726,0.050160912,-1.060726971,-0.924461009,-0.794937049,-1.008231219,1.80018191,-0.52277891,0.164013545,1.433963868,1.200980351,-1.864127926,0.258005148,1.704200171,0.3324057,0.151118592,1.115879301,-0.610667764,0.467858945,0.11542854,0.100281854,0.263751762,-0.301461096,-1.41042166,0.076138057,-0.20177908,-0.745849702,-0.010594681,0.967939739,-2.518228792,-0.879906056,-0.467597041,-1.153637074,0.118179427,0.701821881,-0.042045677,-1.1452627,0.429929099,-1.636940063,0.363868897,0.799037943,-0.036786931,0.610856244,-0.441592603,0.317683613,0.084212565,1.48423757,1.079702079,-0.600005447,-0.032697182,-1.374030541,-0.252637999,-0.345915618,0.449344734,-1.118031339,0.812600699,0.247252362,-0.228292631,1.474905161,1.543002707,-0.252824879,0.081475982,-1.48357358,0.734898585,-0.697950006,0.411069983,-0.408053073,-0.228039744,-1.007884875,0.772557005,-0.868206883,0.281767449,2.127049706,4.681334454,0.687295526,1.640720426,2.796572951,0.813177591,3.188835134,1.782161179,1.874379876
49,0.660998995,-1.47048322,-0.083771547,-0.925327698,0.608980831,0.769098567,0.41019007,-0.403592742,1.083414054,0.055370887,-0.712056957,1.123815354,-0.587517475,0.516000858,0.043914404,-0.692389435,0.050181352,1.104721943,0.02889725,-0.780103081,0.07980744,-0.826310269,-0.15201935,-0.804883764,-1.05431971,1.394042294,-0.055801208,0.423797489,1.510947447,0.576200507,-1.568598495,0.136518421,0.966372872,0.627927269,0.00455887,0.930879927,0.260633536,0.354224431,-0.298028035,0.574179109,0.19227192,-0.449677679,-0.996704498,-0.31791299,-0.082309147,0.171545201,-0.291986577,0.419515376,-2.057153016,-0.321617963,0.124708403,-0.33411956,0.315757986,0.877420321,-0.700540597,-0.937781348,0.071582069,-1.56097138,0.438786391,0.030573901,0.015991271,0.436775507,0.016505003,0.165879208,0.204640164,0.797342351,0.741895106,-0.221457703,0.328412207,-1.282281633,-0.474975949,0.039514158,0.579815582,-0.913554764,0.958128187,-0.561695855,-0.462379017,1.062167,1.401346747,0.276400275,0.440848377,-0.84005959,-0.082387406,-0.974960576,0.212124423,-0.081620362,0.143211195,-0.325438966,0.678910865,-0.506791475,1.429788266,2.440105548,2.943800094,1.151684551,2.013976753,2.82339161,0.581559193,1.603458816,0.365012671,0
50,0.235650727,-1.530231692,0.319342058,-1.050098607,0.347192211,1.399051202,0.528356318,-0.86296877,2.053552637,-0.216942267,-0.381797744,1.444221609,-0.925985621,0.644163958,-0.481725125,-0.645314352,-0.057345799,1.679000536,-0.215072147,-0.891418129,-0.140690903,-0.638327563,-0.985479973,-1.059864124,-1.623439517,1.426317147,0.467766718,0.122335339,2.076754691,1.236773429,-2.591258061,0.50537687,1.215645143,1.218412381,0.085784865,0.90661283,-0.408184416,0.927186417,-0.429514048,0.108034465,-0.227001217,-0.418309593,-0.873938487,-1.138286705,-0.377434047,-0.256506395,-0.066240073,1.37474674,-2.844002076,-0.207347311,0.389224044,-0.18664896,0.040943574,1.458829873,-0.800927291,-0.737030473,0.393638992,-1.780361617,0.567483118,0.041448992,-0.399840108,0.088810713,0.470575435,0.475855954,-0.155973846,1.260924936,1.111406408,-0.901043937,0.655267589,-1.88066745,-0.692711275,-1.063722669,1.379802307,-1.366961742,0.947170722,-0.945957564,-0.631300211,1.171741678,2.572966513,0.842698087,1.41531389,-1.731321694,-0.237176242,-1.481856855,0.207006226,0.710881953,0.426117838,-0.641044842,1.508469191,-0.404177391,1.299196936,3.691900172,3.68425884,3.065837795,3.770728599,2.539850331,1.763720985,1.695068746,1.717738281,1.24044759
51,0.606127889,-2.115632287,0.102909687,-1.525169138,-0.200724984,1.527459358,1.071219458,-1.046248343,1.494897834,-0.001875504,-0.756219704,2.075380876,-0.91707302,-0.111030561,0.32438071,-0.044209661,0.587239025,1.529698974,-0.435713806,-0.845032045,-0.169816776,-0.219125533,-0.833847913,-0.108192634,-1.279541585,1.164514463,0.524183603,0.132782199,1.388427714,0.256150073,-2.581675111,-0.216648093,0.720841982,0.794681996,0.420218382,1.187011177,-0.104571805,0.639268741,-0.635620496,0.706445227,-0.196684172,-1.146861957,-1.020026947,-0.710787463,0.00994739,0.298715712,-0.401973538,0.588063358,-2.769255241,-0.203708889,0.279217311,0.525742699,0.119724796,1.712695883,-0.904860685,-0.858798263,0.224036233,-1.686991183,1.007765441,0.044836316,-0.184858934,0.50033636,0.356287741,0.030101304,-0.004231173,0.386004117,0.655649252,-0.757251508,0.726338869,-1.683653987,-0.577372336,-0.877962028,1.078830244,-0.992188807,1.478163845,-1.125277398,-1.048825291,0.561935587,2.131086754,0.910863377,1.12997271,-1.268405673,-0.479841328,-1.382149685,0.37330116,0.576053528,0.387053002,-0.053517567,0.993844572,-0.702863249,0.568996183,3.699289735,3.131263144,1.396727571,4.466478206,2.619503376,2.181159486,0.592499323,0,0.083213605
52,-0.627212939,-0.984840477,0.497274291,-0.912188466,-0.679952424,1.632172893,0.089893967,-0.73005876,2.213859661,-0.614633341,0.272491627,1.274056778,-0.127897755,0.50372012,0.113941002,-0.998906028,0.522534089,1.714715425,-1.007188637,-1.073891349,-0.683912315,-0.741976082,-0.949766465,-1.125615076,-1.410662509,1.145078909,1.450235123,-0.640566614,1.346007068,1.48182955,-3.154874789,0.812612625,1.002304979,1.413825358,0.789280006,0.206850197,-1.115523235,1.983369609,-0.952989945,0.053744602,-0.755945997,0.026206891,-0.173794485,-2.253588515,-0.809456052,0.166225626,-0.81543229,1.45443838,-2.962651759,0.15946529,0.526848262,0.130863952,-0.075564118,1.097339634,-0.443791028,-0.454573321,0.129020164,-1.294396344,1.015515414,0.464877773,-0.307025743,-1.104532533,0.943365081,1.210432052,-1.083645651,1.41974202,1.295849436,-0.334479643,0.985718982,-1.885903359,-1.250514651,-1.959518528,2.455848178,-0.756289561,0.710171906,-0.787194182,-0.317607685,0.821093733,3.626658432,1.310448443,2.376728699,-1.245607727,-0.069951551,-1.731854314,-0.320302384,1.469145376,0.127649057,-1.06834924,1.839433652,-1.006662768,1.421825559,2.477282844,1.726539271,4.323774179,5.375766359,2.579921226,3.821448505,1.662534227,2.042669508,1.695964124
53,-0.772867421,-0.169572021,0.996032487,0.307344653,0.336984036,0.438244949,-1.189480666,0.192865168,0.944138415,0.703129139,0.624396521,0.397965485,-0.37053547,0.929063618,-1.121290737,-0.721140682,-1.81068893,1.21801131,-0.240977929,0.662907683,0.482240237,-1.753456802,-0.100184138,-2.564590708,-1.887028927,1.162154498,-0.559830535,1.34855024,3.041278199,1.91274895,-1.264691871,0.505730426,1.55042164,1.125413252,-1.204466197,0.14383996,1.087726947,1.201778805,-0.8633517,-0.021943075,-1.006577015,0.04819187,-0.911993144,-1.203399333,-0.27379368,-0.416076987,0.625434454,2.002842443,-1.779336659,-0.056777292,0.775451434,-1.133237514,1.129360472,1.367663903,-0.273684576,-1.344628625,0.656150567,-1.66769216,0.15084428,-1.017909054,-1.515811528,-0.470492801,0.319915655,0.847469765,0.503327992,1.631524948,0.531166013,-1.147443253,-0.035345605,-1.939999523,-0.51452225,-0.039952415,0.191559317,-1.046722102,0.439443887,-0.621539788,-0.864547499,2.063937309,1.692499639,0.980404706,2.122174535,-1.829162975,-0.76126243,-2.004913761,0.188591009,0.746536012,0.14320786,0.248933935,2.632194948,0.805942567,5.519438398,4.381838587,2.955471603,3.428539722,0.102709844,0,1.42396615,2.03402979,3.524324377,0.414572663
54,-0.740488655,-0.134711281,0.638857873,-0.7175291,0.057128373,-0.049864387,-0.335777322,0.58790459,0.31384544,0.136820238,0.129709711,0.534969973,-0.095336053,-0.106985882,-0.262948422,-0.876386042,-0.555006645,0.266969022,0.12431062,-0.20141638,0.238430433,-0.641703716,-0.11767618,0.059142056,-0.360192476,0.71464883,0.686992034,-0.823494483,-0.37610064,0.522322768,-1.324864191,0.115057998,0.409038709,-0.933677048,0.040697302,-0.284777932,-0.733907072,0.529996649,-0.214696338,-0.299041812,-0.761998025,-0.222368297,-0.350190811,-0.728909327,0.064873471,-0.664414726,-0.708511984,0.96802551,-0.761624858,0.024695554,-0.311604232,-0.606588764,0.317967594,-0.461323336,0.531990359,-0.044339763,-0.234615392,-0.538401339,0.979548222,0.928087542,-0.216847378,-0.888016014,0.642621775,-0.027072562,-1.055730819,0.698586005,-0.262806868,-0.453948191,-0.678970666,0.221838854,0.120250833,-1.014735305,0.800601178,-0.186019218,-0.276843072,1.002060508,0.11490834,0.77235659,0.623383455,0.493443832,0.533664982,-0.502005977,0.642554871,-0.275186196,-0.069430669,0.796782731,-0.019938855,-0.183155821,0.511676318,-0.611336685,0,0.339219618,0,0,0.526719126,0.061668233,2.406459049,1.201435724,0.137108773,3.252730429
55,0.010366431,-1.074705033,0.490992103,-0.731550635,0.094917175,0.942200683,0.250261238,-0.502762868,1.519713757,-0.095124311,0.062038166,1.091282521,-0.453814364,0.443989693,-0.486441357,-0.450091336,-0.380878343,1.371256392,-0.708741746,-0.432346812,0.061496473,-0.657822449,-0.602838174,-1.389831623,-1.859345992,1.157989944,0.606727156,0.379417742,2.345778442,1.286032009,-2.276627028,0.623508865,0.917180272,1.294647986,-0.402728903,0.490873757,0.061656041,0.95404959,-0.570542055,0.031895377,-0.516116426,-0.299880686,-0.586849023,-1.521516225,-0.379606614,-0.152572869,0.093434824,1.567261921,-2.330640745,0.213478986,0.780429625,-0.099138575,0.31120715,1.441905501,-0.935475656,-0.549855486,0.298648708,-1.704536222,0.521016961,-0.436785265,-0.703256551,-0.260600174,0.813057293,0.404098995,-0.092161413,1.158194851,0.756689379,-1.030326943,0.563897081,-1.748049257,-0.710862039,-0.920727886,1.343084276,-1.341995497,0.692832903,-1.165757444,-0.660252919,1.244545647,2.341083456,1.258335074,1.821031411,-1.69789158,-0.620993302,-1.689831483,0.143990885,1.073420496,0.678565151,-0.171498685,1.781750371,0.145669787,2.585276364,4.056217762,2.672778086,3.58004952,3.153262016,1.618742397,1.555551819,1.006907452,1.78439782,1.042038572
56,-0.029608049,-0.885560588,0.409462648,-0.786554982,1.184197911,0.834734866,-0.409503334,-0.217279932,1.871543589,-0.217746979,-0.36409356,0.557380547,-0.753672532,1.400752954,-0.741304978,-1.930009581,-0.329298042,1.543733581,0.576113535,-0.946843692,-0.141786119,-1.394430028,-0.476974333,-1.494418031,-1.126817371,1.795949471,0.053060389,-0.119943218,1.265081762,1.726246582,-2.08351503,1.017824681,1.748104527,0.610599604,0.171001634,0.273226089,-1.013294313,1.175159231,0.038668075,-0.155926569,0.236410489,0.396788221,-0.899809213,-0.85774729,-0.689629184,-0.588394759,-0.38890117,0.969682523,-2.350968003,-0.342237296,-0.375922394,-1.26085027,0.133344442,-0.027286918,-0.005830872,-0.767253019,-0.014717438,-1.459036307,0.420880607,0.988972446,-0.015517969,-0.372491766,-0.091754492,0.774411845,-0.421596353,1.843000015,1.285057656,-0.046334265,0.06605912,-1.224039868,-0.910534874,-0.514947327,1.345010477,-0.824270739,0.29284403,0.377422156,0.516070001,1.649410167,2.242137899,0.134864935,0.48545452,-1.248239883,1.173830046,-1.021821382,-0.126008707,0.065977987,-0.296674494,-1.453482136,0.819339793,-1.096223179,1.210992801,1.066179452,3.117984275,1.873193239,1.945120843,3.554228905,1.211193118,3.18518779,2.596881249,2.565634785
57,0.019873045,-1.058524835,0.058383867,-0.911743653,0.688667784,0.378411143,-0.831367154,0.58044964,1.113881131,-0.193271268,-0.25443294,0.52429649,0.572305985,1.267031226,0.687703384,-2.631683801,0.184160131,1.355846185,-0.549249838,-1.245771157,-0.174983832,-2.489464952,1.03171339,-2.387017858,-1.433231371,2.362592519,0.515088827,0.283843308,1.596804756,1.569965847,-2.310566929,1.151691301,1.631686097,0.845681039,0.185597668,0.061175935,0.100559266,1.715182158,-0.883172715,0.885038427,0.024375894,0.591514804,-0.867801848,-1.671406511,-0.888025792,0.725897435,-1.550869369,0.436181854,-2.701716291,0.088010062,0.086518154,-1.199284798,1.043081925,-0.285108611,-0.45784277,-1.341233903,-0.654936307,-1.996498537,0.925944675,0.694864426,0.300505552,-1.06193765,0.312021317,1.182485293,-0.512081515,1.903473274,1.337127991,1.140788292,0.178304863,-1.585325435,-1.5734082,0.295357767,1.883125882,-0.468302417,0.734818562,0.087371554,0.551097035,2.200658383,2.762343629,0.616084412,1.059389505,-0.221072446,0.814978564,-1.727174065,-0.488139439,0.15461634,-0.46751624,-1.199775444,0.961739806,-1.532060143,4.33287133,1.146220771,1.461454013,2.538226803,2.372315178,5.482926558,1.78300812,3.731217265,1.449001248,0.784580628
58,-0.740066821,-0.844132165,0.788741599,-0.992903635,0.260027116,0.355039073,-0.295390875,0.504383961,0.928222795,0.315914015,0.011703291,1.174510318,-0.52915145,0.130184318,-0.464767695,-1.019514755,-1.002554203,0.861336825,0.046499584,-0.304847048,0.334379582,-1.441223988,-0.155148202,-0.942272043,-1.3817963,1.470650929,0.428753918,-0.007348779,1.284444925,0.991000737,-2.229614278,0.202022286,1.098694684,-0.291129258,-0.415353526,0.391826274,0.070356339,0.714000023,-0.882556961,0.038686051,-1.247086223,-0.492241874,-1.085925776,-1.086383115,-0.053742224,-0.763900433,-0.639700094,1.846601641,-2.105512838,-0.192685286,0.04715916,-0.837983141,1.015492544,0.56552431,0.021481121,-0.860509871,0.263919718,-1.650811337,1.070818337,0.318754082,-0.777567307,-0.606403084,0.879064056,0.177318146,-0.525643579,1.214717619,0.199083916,-0.932524078,-0.700808304,-1.098886748,0.065099159,-0.89194013,0.896551629,-0.92641708,0.497293553,0.362467521,-0.5819779,1.833327411,1.485487213,0.923196416,1.312712571,-1.323485286,-0.016154753,-1.248146726,0.282640278,1.005460664,0.175985319,-0.020114723,1.522332327,-0.312283187,2.180010322,3.480693923,1.834440835,1.440244256,1.150913979,0.869811972,2.850224624,2.502875861,1.103999145,2.77389129
59,-0.655288765,-0.725792343,1.056286152,-0.861533343,0.680134127,1.12714068,-0.483452122,-0.403143797,2.117068123,-0.081084137,0.05774345,0.872260891,-1.040090091,1.0704993,-1.224054001,-1.569869282,-0.702780209,1.775649912,0.410363566,-0.468333222,-0.123896027,-1.061110507,-1.132873959,-1.262182629,-1.412208444,1.470646221,0.38622581,-0.367074158,1.231966259,1.985261101,-2.659372936,0.948995336,1.701414047,0.526703141,0.080055678,-0.013487675,-1.476994908,1.57356449,-0.073005815,-0.577474353,-0.393063658,0.117700641,-0.791196514,-1.354393257,-0.662884482,-1.049962211,-0.097993799,1.694111204,-2.49019924,-0.138753697,-0.264040391,-1.054106088,0.071451931,0.371092648,0.256183286,-0.546042898,0.208070287,-1.37569145,0.773761477,1.026029845,-0.605275378,-0.73752675,0.258565121,0.732191134,-0.724960314,1.861783686,0.979071473,-0.884814705,0.014701486,-1.297927462,-0.851530153,-1.447391539,1.609136997,-0.887852791,0.156709223,0.361668598,0.231265708,1.526191378,2.617930019,0.735344137,1.275964604,-1.958658095,1.050961156,-1.343735787,-0.025177567,0.853389757,-0.114201905,-1.187074803,1.461578644,-0.875816931,1.056194083,1.935528399,3.065185236,2.31057339,2.773075286,2.056086585,2.615772622,2.529395153,3.419891761,3.87703564
60,-0.022837261,-0.972267963,-0.1010122,-0.505838301,0.125484716,0.793366943,0.457313148,-0.244644812,1.268338096,-0.158088929,-0.37797507,1.046324988,-0.527514446,0.238237961,-0.139443567,-0.211932013,-0.251403289,0.628263389,0.020828047,-0.838558878,-0.042395234,-0.701833962,-0.485566099,-0.57801755,-0.840052831,1.023178846,0.195091666,0.094576643,1.531585125,0.487730333,-1.36491304,-0.069666004,0.680008372,0.573539163,0.08824523,1.159893396,0.375047811,0.115158139,-0.726158299,0.292867806,-0.623429489,-0.358660609,-0.714963846,-0.416974717,-0.002963735,-0.173775406,-0.278177161,1.272920532,-1.886823129,-0.608243422,0.393646106,-0.250125061,0.294829488,1.203021408,-0.489050736,-0.786815288,0.635017826,-1.209295103,0.223266675,-0.270566431,-0.209978781,0.259375841,0.496713876,0.378058123,-0.075798466,0.814998466,0.748111629,-0.565740273,0.170757692,-1.373841452,0.254732803,-0.613458299,0.429153727,-1.063480989,0.820019586,-0.517458325,-0.94934401,0.93807885,1.233796783,0.192698511,0.957097178,-0.773349687,-0.800977629,-0.628529133,0.321061885,0.310097723,0.261163037,-0.247012966,1.225106444,-0.007490099,0.820452493,3.067665176,2.549608355,2.20321111,1.518865375,0.882844724,1.276079495,2.102065382,0.22017378,0.126972884
61,-0.39774469,-1.721118563,0.825170812,-1.652015657,0.011632791,1.157896524,0.083216302,-0.140256407,1.63719691,0.176068839,-0.199207831,1.943635203,-0.696797424,0.210317584,-0.098658793,-1.205936037,-0.333171465,1.74712205,-0.449121637,-0.711768343,0.057293616,-1.434590893,-0.475890099,-1.123562089,-1.928396931,1.887965908,0.861774123,-0.03192909,1.718451215,1.232765734,-3.493922027,0.361624901,1.39945847,0.375016705,-0.014702134,0.586144818,-0.295566816,1.412408955,-1.07052574,0.373782477,-1.048105235,-0.794939073,-1.283096274,-1.709215141,-0.28115011,-0.317285665,-0.901608603,1.719523678,-3.326131638,-0.015223346,0.1805421,-0.417198755,0.87252077,1.145242089,-0.438772905,-1.091928141,0.096492132,-2.251574911,1.561730875,0.475176052,-0.719321932,-0.629696978,0.946571239,0.39002355,-0.633920564,1.376638926,0.641342335,-0.931667729,-0.032897686,-1.837708836,-0.725122706,-1.304956277,1.781866307,-1.118142104,1.088159128,-0.291463176,-0.712771007,1.847863177,2.862400751,1.472890284,1.906033876,-1.757440178,0.041049392,-2.038227996,0.2007128,1.316482058,0.252065594,-0.275854094,1.81546813,-0.904275546,2.547638025,4.359313262,2.75026354,2.315990257,3.943293155,2.759933202,3.870707731,2.2899442,1.42178266,2.608689707
62,0.1062023,-0.312985708,0.361480879,-0.513816421,1.238780914,0.175436636,-0.494566404,-0.065339006,0.794547654,0.020418119,-0.039839978,-0.107823524,-0.712268163,1.071569287,-0.698802793,-1.346369216,-0.231244183,1.058594656,0.728488643,-0.258821722,0.006620156,-0.800894431,-0.096840804,-1.017150299,-0.563741683,0.915311778,-0.30287761,0.062324764,0.329965622,1.054014221,-1.068467731,0.989245349,1.289314234,0.055023579,-0.224534628,-0.319546006,-0.929977588,0.577263242,0.45665699,-0.510565681,0.538157433,0.377837438,-0.678519026,-0.244419527,-0.494107018,-0.846528032,-0.025610239,0.172398191,-0.923442351,-0.003730971,-0.788662283,-0.8772456,0.066853723,-0.733039014,0.109335661,-0.119792147,-0.235227161,-0.686471464,0.071467366,0.761096471,-0.227074045,-0.189803161,-0.316892723,0.163405033,-0.015975911,0.89723644,0.671034905,0.049558552,-0.338249681,-0.277088806,-0.729054155,0.080860936,0.753317657,-0.240518871,-0.210431091,0.585951461,0.983043145,1.10124716,1.041582331,0.037835612,-0.483028538,-0.947900977,1.488581634,-0.648024866,-0.204421728,-0.046075572,-0.244168989,-1.000762235,-0.197649556,-0.67894823,0.277740848,0,1.347693894,0,0.148859575,2.717386637,0,1.319999487,2.348202729,2.331443699
63,-0.076465907,-0.60384003,0.677822328,-0.640622225,0.494788481,0.960464113,-0.139238411,-0.678164368,1.80738512,-0.347721234,0.290343721,0.472442231,-0.52688008,1.016020831,-0.863493852,-1.086261085,-0.144494184,1.689328237,-0.383886111,-0.463970981,-0.176646986,-0.463755421,-0.847714041,-1.463962773,-1.55619552,1.020142326,0.692873551,-0.140929359,1.553762925,1.799696131,-2.312858526,1.296680611,1.196840148,1.278271491,-0.129315662,-0.269392291,-1.204092619,1.436501159,0.130795424,-0.594174722,0.107739434,0.301476669,-0.252663173,-1.66632184,-0.785215152,-0.5189897,0.184236802,1.17716438,-1.994217153,0.43982603,0.231187054,-0.359471387,-0.270028875,0.47281906,-0.521964175,0.009244502,-0.079399666,-1.204238585,0.382559201,0.352312359,-0.506472074,-0.693445917,0.464199219,0.608206622,-0.4788076,1.433448007,1.016137898,-0.681778471,0.639963563,-1.214167991,-1.294282839,-1.158205914,1.896097769,-0.954791133,0.013271931,-0.600409675,0.418417249,1.026589851,2.692888598,1.074880866,1.322354678,-1.777834097,0.620259235,-1.506106369,-0.275706123,1.017774351,0.383543799,-1.014576863,1.19206153,-0.39610892,1.391785412,1.859108942,2.190348139,3.301744763,3.310278976,2.479189184,1.325284189,0.796992541,3.083370824,2.566481419
64,0.603807803,-0.424212325,-0.39108445,0.048149815,0.487477023,0.963435127,0.115381797,-0.870145278,1.789268884,-0.704069423,0.180332187,0.007547397,0.146125964,1.389114511,-0.233985796,-0.780657298,0.3869567,1.368291645,-0.723214855,-1.144425615,-0.277367549,-0.325149313,-0.48446912,-1.686173522,-0.980855196,0.886087251,0.636734633,-0.177926846,1.92262128,1.569782452,-1.336039347,1.214838119,0.915821369,1.987373042,0.195192918,0.202228158,-0.54836829,0.993783208,0.198943772,-0.323955635,0.738863038,0.677154788,0.163652025,-1.305861118,-0.596532494,0.314191901,0.170542132,0.586626692,-1.623504461,0.127959315,0.69975313,-0.152878694,-0.863605299,0.605926571,-1.112618821,0.030125671,-0.121428336,-0.954752554,-0.406129836,-0.361223373,0.09458832,-0.373291199,0.32436961,1.026771209,-0.416313698,1.387629802,1.519731937,0.034447633,1.46608027,-1.188272007,-1.255751119,-0.644278326,1.603892546,-1.071328487,-0.063775031,-1.247195426,0.231143455,0.504285573,2.507017652,0.368279074,1.135501279,-0.903621876,-0.147372488,-1.034202959,-0.672551306,0.449162106,0.48243583,-1.282931899,1.11824249,-0.093810799,1.240806927,0.889570468,2.379997816,4.756899116,2.839618531,2.97924357,0,0.644677571,1.829189046,0
65,-1.708583772,0.259153728,1.496976863,-0.344121921,1.041168642,0.788313986,-1.8787382,0.40250356,2.425514182,-0.231791792,0.643247739,-0.030507683,-0.558703959,1.975741169,-1.630053681,-3.124247799,-1.298391445,1.853681418,0.70282331,-0.519126262,-0.291350125,-2.301381449,-0.755360486,-2.456105257,-1.403830724,1.981896264,0.439023108,-0.690336669,1.081226864,3.176602313,-2.780155829,1.79808636,2.464422267,0.428289302,0.141576625,-0.853815919,-2.10339237,2.576474645,-0.195242102,-0.986856025,-0.686487652,1.25148232,-0.611397171,-2.078339324,-1.30780949,-1.418767199,-0.572673207,2.246131341,-2.564893048,-0.147673312,-0.579230369,-2.278670152,0.403800132,-0.774424969,1.10867438,-0.717340861,0.031283109,-1.2559327,0.781252557,1.784062141,-0.632073007,-1.960991523,0.238878308,1.676984812,-1.382470245,3.062756117,1.454341503,-0.213032165,-0.440199098,-1.276769438,-1.284187125,-1.569218595,2.209698304,-0.518937483,-0.536182982,1.508206991,1.178122616,2.439204939,3.297444123,0.551969427,1.598642298,-1.795335112,2.080093148,-1.473185238,-0.505405672,0.932386865,-0.810603517,-2.161577502,1.859592165,-1.429927838,2.449651648,0.291292408,2.350776862,3.284624948,1.738674952,2.608684064,3.473340553,4.806915673,5.450798653,5.681583563
66,0.130053084,-1.891635069,0.777988513,-1.51811999,0.605201316,1.348451037,0.623343591,-0.797788643,1.663046588,0.512180989,-0.777999352,2.084407205,-1.894961002,0.134579752,-0.970342343,-0.262434158,-0.708567596,1.619754759,0.781845442,-0.288063629,0.298613372,-0.481354049,-1.371434193,-0.028710213,-1.325909299,1.36987876,-0.206917656,0.146216014,1.348651455,0.711103397,-2.517776316,-0.345487721,1.337571286,-0.108683795,-0.114989605,1.182888079,-0.45863408,0.350729723,-0.212325349,0.032718313,-0.495697582,-1.32290058,-1.62822578,-0.093185105,0.281852526,-1.027920682,0.185399929,1.419395293,-2.655073376,-0.646915429,-0.320695224,-0.418711509,0.291753766,1.487824533,-0.138838947,-1.00668027,0.621605642,-1.793054264,0.990156719,0.456362538,-0.764059287,0.695102135,0.07027149,-0.306586376,0.06483052,0.818326925,0.313768337,-1.704958219,-0.209659806,-1.372488408,0.111157211,-1.05475026,0.372614832,-1.243818313,1.078329691,-0.09433244,-1.046109631,1.194527423,1.455103523,0.587222754,0.708790418,-2.169600393,0.124407323,-1.134005828,0.739969243,0.47120059,0.246236972,-0.012058164,1.212469057,-0.452750912,0,4.136350083,4.506977227,0.132772311,2.51894364,1.157689235,2.324377348,1.55086951,1.247506544,2.449385517
67,-0.843003123,0.36924959,0.706603473,0.29851756,0.252854457,-0.030135205,-1.086919825,0.539467191,0.554889558,0.007100391,0.162590272,-0.295048876,0.204861034,0.701668668,-0.597012208,-1.319012784,-0.836848208,0.244663504,0.135309672,0.171325261,-0.076369048,-1.230237577,0.114052104,-1.284571453,-0.676424576,0.80020117,-0.14540654,0.317231256,0.800177698,1.262536208,-0.393026762,0.543161349,0.735671456,0.362615492,-0.140620359,-0.361885856,-0.11565806,1.081665637,-0.308862047,0.11066899,-0.422783346,0.760182812,-0.064924903,-0.795985229,-0.676782452,-0.045775987,-0.140071169,0.851835138,-0.696679479,0.003725595,0.180493225,-1.162806655,0.678870484,-0.135152445,0.582369151,-0.722346657,0.101889059,-0.438760014,0.209002712,0.490237084,-0.085144353,-0.770325868,-0.108356664,0.838349505,-0.150846732,1.303466681,0.414508198,0.22028889,-0.237980496,-0.735110833,-0.48078761,0.009626724,0.368663384,-0.042234429,0.015193282,0.527836853,0.313887485,1.106676261,0.829690824,0.11180898,0.853517785,-0.24170937,0.452468249,-0.479563521,0.038795773,-0.062895431,-0.54502778,-0.50986922,0.950389357,-0.353715921,2.699082332,0.011081349,0.63767448,1.172366236,0,0.296247215,0.627527265,2.521647742,2.0873444,1.00590426
68,0.110521275,-0.569192612,0.318094364,-0.393242923,0.436631998,0.54225645,-0.327197934,-0.282739266,0.714188702,0.182136071,-0.220051076,0.419355744,-0.404073706,0.632963212,-0.245837567,-0.831880999,-0.114008194,0.956954975,0.220181587,-0.137776521,-0.016373021,-0.636601332,-0.214305616,-0.682631788,-0.512951148,0.788280156,-0.213595222,0.175360592,0.548598919,0.781479926,-0.942861877,0.277249028,0.898245696,0.308388273,0.106249994,0.037479016,-0.388759213,0.784778748,0.069028479,0.134822442,0.291346349,-0.022715204,-0.53420436,-0.282427431,-0.226184786,-0.004857662,-0.060771751,0.070005442,-1.112417524,-0.103866101,-0.225591347,-0.514707237,0.085860693,0.125714018,0.057140109,-0.585759568,-0.129041625,-0.702458161,0.353760385,0.448970119,-0.081984017,-0.076688303,-0.369947994,0.355572759,-0.009820978,0.727394329,0.459061444,-0.012240492,0.197805542,-0.608327923,-0.707096927,-0.02443958,0.440937714,-0.157494903,0.295753434,0.095469487,0.154705147,0.62362297,1.064509024,0.126212845,0.264565082,-0.626130387,0.639912168,-0.700675879,-0.06825037,-0.107190663,-0.301054946,-0.481309274,0.404998829,-0.64897113,1.04494331,0.336419296,1.689165207,0.296767263,1.175838548,1.808555834,0.723372778,0.966956266,1.341529839,0.673548553
69,0.66718708,-0.705968728,-0.284349211,-0.520714195,0.387123875,0.637317852,0.252785772,-0.556586601,1.19337747,-0.666118634,-0.100303979,0.161519601,0.240624593,0.889393021,0.27669673,-0.995396557,0.838911203,1.103877383,-0.734010626,-1.057190699,-0.368303894,-0.338836203,-0.020047339,-1.170432053,-0.907448194,0.91008105,0.757130705,-0.133648939,1.078632706,0.970561985,-1.463992814,1.120813303,0.617227544,1.394878358,0.299646173,-0.020983101,-0.629930455,0.928170503,0.101128016,0.075974377,0.750360484,0.49302868,0.064168013,-1.220563122,-0.718719771,0.505900571,-0.367326551,-0.029187508,-1.468745465,0.413241162,0.334045105,0.055067516,-0.403159394,0.101148514,-0.944630609,0.052358063,-0.475542801,-0.894096728,0.08639155,0.177244618,0.386935451,-0.387272125,0.276382299,0.601557095,-0.331171122,0.881876733,1.1441028,0.490141575,1.004973689,-0.884609667,-1.353250761,-0.289006734,1.703696995,-0.593788105,0.204394124,-0.879955426,0.592363833,0.475594465,2.135005491,0.533076422,0.579961688,-0.444875282,0.379002095,-0.946741723,-0.500742115,0.309000468,0.278875942,-1.067086051,0.264149505,-0.65355086,0.990365604,0.354448494,1.070916058,2.78486017,3.040016781,3.71021974,0,0.497891271,1.03758115,0.233202589
70,-0.416715541,-1.600288789,1.429758029,-1.503409002,0.926226892,1.362404335,-0.635976002,-0.407444431,2.211863428,0.448885736,-0.184360053,1.626777743,-1.352117369,1.173511962,-1.185369248,-2.002139234,-1.002545806,2.536041278,0.290875358,-0.274488619,0.177167915,-1.798115203,-0.904787108,-1.925740864,-2.287820425,2.277385165,0.133390006,0.311522783,2.145301657,2.330116938,-3.642019751,0.909874598,2.356893919,0.617625256,-0.314237822,0.169200545,-0.991430173,2.029111773,-0.371045048,-0.09041852,-0.459297723,-0.411638367,-1.604345648,-1.635499139,-0.611669839,-0.893989588,-0.201520698,1.818955427,-3.578302401,-0.041287091,-0.243819076,-1.302406074,0.73888842,0.862421785,-0.02895784,-1.323721571,0.068671792,-2.460580834,1.383869928,0.948821048,-1.000031901,-0.630876221,0.191855098,0.631765411,-0.371286265,2.172382606,0.953893955,-1.181460178,-0.068385458,-2.006006977,-1.337352309,-1.103737101,1.756645347,-1.177153701,0.786362224,0.127312125,-0.086567803,2.386950862,3.286459339,1.306335836,1.697906923,-2.643317204,1.118088141,-2.383972571,0.162025974,0.95603085,-0.105146249,-0.84691108,1.983497184,-1.118119807,3.250309403,3.799904232,4.420780175,2.126869424,3.611020227,3.493944938,3.332024535,2.920853692,3.960680516,3.945199188
71,-0.263571396,-0.708862327,0.640822086,-0.879714366,1.269254214,0.003515765,-0.494734675,0.601101304,0.929463734,0.215416153,-0.395896289,0.563035742,-0.675092336,0.78347678,-0.848038963,-1.723766151,-1.066053088,0.792472181,0.771719164,-0.450197592,0.39903316,-1.561622449,0.026770908,-1.105972204,-1.133922642,1.766385471,-0.112766841,0.063091452,1.022194596,1.235345882,-1.60300336,0.576188886,1.375848451,-0.420620492,-0.458320894,0.238734903,-0.318252859,0.488449578,-0.091035748,-0.091168973,-0.323262531,0.031845015,-1.129346083,-0.501264995,-0.259901923,-0.926891956,-0.446176487,1.269643063,-1.694413589,-0.300513269,-0.40621161,-1.505154237,0.799767276,-0.263667031,0.229583975,-0.797439438,-0.012611994,-1.520264461,0.659435417,0.879440416,-0.234292119,-0.328877748,0.203008827,0.103107034,-0.316877993,1.522934646,0.408497652,-0.421143167,-0.86479535,-0.654383807,-0.104518672,-0.173076845,0.643082247,-0.844405435,0.160178813,0.913939352,0.26047744,1.98707092,0.980450895,0.206858065,0.192831317,-1.101213848,0.942908253,-0.70124234,0.232743116,0.111942945,-0.119909615,-0.606211444,0.692384647,-0.635383635,1.63922157,1.66266862,2.325884246,0.372211248,0,1.974852585,1.026710273,3.205633201,1.495406503,3.199263979
72,-0.594274887,0.267827712,0.637586154,-0.249277133,0.176547252,0.210519016,-0.454014424,0.037832867,0.967100288,-0.404396512,0.615510431,-0.163672835,0.09618148,0.601020918,-0.633898303,-1.024242847,-0.234578279,0.751451112,-0.389664493,-0.259412866,-0.13191118,-0.339864378,-0.387863047,-0.920770134,-0.842464792,0.48995256,0.929234728,-0.630727114,0.417352597,1.3461142,-1.444198816,1.149133679,0.568923179,0.466248554,-0.073844758,-0.78372703,-1.235537923,1.125373649,0.122946712,-0.77843253,-0.221671266,0.590375195,0.267163976,-1.530727175,-0.660695723,-0.578897064,-0.143671708,1.022502727,-0.809516354,0.554051715,0.098005503,-0.40396161,-0.204961152,-0.388336502,0.015974215,0.472945454,-0.273637668,-0.404351536,0.356161217,0.580642123,-0.301606754,-1.183390633,0.679367184,0.485620939,-0.912103396,1.088260204,0.466607683,-0.309793558,0.122745059,-0.249450551,-0.795040049,-1.154795295,1.628428769,-0.393963,-0.597929009,0.14221223,0.736830905,0.663743466,1.693755536,0.831671178,0.980167075,-0.924978457,0.738039374,-0.749099438,-0.431765853,1.062162817,0.233557018,-0.834962235,0.712926318,-0.317501619,0.643345996,0.158822821,0,2.372687119,1.700094947,0.979787209,1.338712534,0.580215606,2.099930866,2.993843445
73,-0.021384946,-1.224596718,0.292625889,-0.74415938,1.231022359,1.15155386,-0.246505305,-0.303841164,2.496655609,-0.356573806,-0.490727304,0.877974325,-0.837057581,1.618654438,-0.862236405,-1.962592453,-0.57743659,1.733677356,0.422712543,-1.30340642,-0.160628433,-1.813641639,-0.612440312,-2.122580213,-1.69832182,2.281888494,0.057665908,0.2172135,2.508556049,2.087855488,-2.484230059,1.06148159,2.025275055,1.274555257,0.049059909,0.906063535,-0.465624499,1.211374986,-0.404861472,0.074572166,-0.086327376,0.411875297,-1.122914961,-1.151626224,-0.790572659,-0.497884533,-0.347947443,1.72057267,-3.213109343,-0.606720225,0.134768577,-1.421160459,0.366768663,0.789682372,-0.41845673,-1.244388773,0.418974766,-2.089333391,0.285036273,0.506919241,-0.133638241,-0.203565802,0.174677669,1.105774491,-0.246743175,2.350480907,1.763145991,-0.285521523,0.294533718,-2.141449572,-0.802676782,-0.608386206,1.440575372,-1.47886213,0.745413716,-0.184742851,-0.061164494,2.190359781,2.834701517,0.225928198,1.169583379,-1.57687584,0.42352563,-1.382503779,0.070858074,0.138037141,-0.092785316,-1.506245028,1.65995296,-0.790589744,2.404473719,2.900247872,4.475625534,3.653991445,2.489751043,3.759861809,1.302208616,4.366402771,2.885085259,1.92143784
74,0.218373076,-1.627629318,0.034384038,-1.233717531,0.278479721,0.820653286,-0.022701516,-0.020899255,0.779781754,0.394587828,-0.685370064,1.492023939,-0.477801693,0.316064834,0.636821626,-1.104800182,0.156028192,1.212729657,0.125059766,-0.775116828,0.026235128,-1.51212502,0.238962478,-0.687059205,-0.746142064,1.64296808,-0.068116502,0.257503791,0.819756822,0.353826782,-1.971878077,-0.213510841,1.247488816,-0.081238502,0.35072101,0.85879555,0.32234315,0.738029137,-0.847423864,0.950560874,-0.244525471,-0.72530865,-1.399916606,-0.293964982,0.071131347,0.319854681,-1.084784746,0.190944992,-2.393670238,-0.535859732,-0.341611917,-0.493301305,0.810195482,0.538121366,-0.197338831,-1.441218553,-0.09454906,-1.64556829,1.071258762,0.466420683,-0.059556786,0.083158115,-0.054073789,0.3414709,-0.084848279,0.73354207,0.590670822,0.177196747,-0.077187147,-1.243487393,-0.501857972,0.064314763,0.593652663,-0.350938417,1.202510928,0.125761243,-0.54439514,1.312904975,1.541188248,0.279390676,0.485562632,-0.476544268,0.272149858,-1.204542241,0.097389604,-0.026764154,-0.404744586,-0.27126688,0.667751923,-1.220067226,1.782247765,2.129512923,2.324762418,0,1.927417389,3.352380255,2.353499932,2.282625275,0,0.174290671
75,-0.379937384,-1.197141629,0.585021522,-1.075900724,0.272725175,1.229342725,-0.155704667,-0.339573307,2.002260536,-0.208834426,-0.114251377,1.240180167,-0.573403348,0.824444844,-0.322523872,-1.484521821,-0.145063684,1.715147171,-0.203550445,-0.940079052,-0.249551886,-1.331344938,-0.638853421,-1.394090866,-1.531127015,1.715671511,0.698950035,-0.206573681,1.582936325,1.594746649,-2.921777403,0.766586605,1.512039038,0.843718377,0.290189816,0.410386355,-0.772278296,1.551385456,-0.681615943,0.090012945,-0.531398439,-0.066913097,-0.856691759,-1.589980495,-0.622446838,-0.294000995,-0.686393901,1.471485756,-2.979857486,-0.146038281,0.099637186,-0.655472695,0.356023581,0.756062857,-0.270382832,-0.874529919,0.127437585,-1.742550383,0.953775817,0.641603854,-0.367532447,-0.688260694,0.555532677,0.870835687,-0.679490283,1.681435772,1.165653142,-0.432500955,0.313498589,-1.74966583,-0.955388585,-1.216462498,1.829199567,-0.954140242,0.716046724,-0.193681927,-0.178755052,1.577490266,2.964798339,0.907947141,1.605274174,-1.466949573,0.397540111,-1.625903701,-0.06931066,0.889567493,-0.020188225,-1.007012871,1.580903095,-1.003796016,1.908714888,2.72991366,2.785914108,2.96939115,3.62668831,3.052769099,2.94268761,2.702387308,2.220403541,2.306735869
76,0.255785431,-1.273284104,0.07534014,-0.929288094,1.376362788,0.888384421,-0.379644578,-0.136030526,1.666716854,-0.034849063,-1.040232575,0.802756183,-0.889666106,1.397235096,-0.296785106,-2.163325361,-0.08213348,1.365446405,1.183944636,-1.193917086,-0.194730133,-1.706380446,-0.234803993,-1.014951005,-0.507391865,2.079796499,-0.509324633,-0.060133167,0.672487144,1.218968157,-1.642530212,0.42599555,1.854979988,0.085412089,0.653877144,0.765125585,-0.78728308,0.903198354,0.014764594,0.468746092,0.544742219,0.20423221,-1.298614489,0.055026935,-0.457209068,-0.219959797,-0.792512927,0.230818923,-2.40338988,-0.923989175,-0.83277744,-1.534787936,0.284225495,-0.225028206,0.369577327,-1.384176428,-0.04537959,-1.405300554,0.519737417,1.435940376,0.541841166,0.141321407,-0.775880028,0.774103147,-0.224737895,1.684983386,1.300077566,0.571013946,-0.108322597,-1.10815964,-0.676519077,0.122599607,0.664402295,-0.436196778,0.725000384,0.921751891,0.417018865,1.561567582,1.635212719,-0.660963925,-0.303739037,-0.545185347,1.468019615,-0.511396599,0.030903444,-0.876174101,-0.901688741,-1.539565937,0.257073857,-1.744638834,0.625655686,0,3.621717911,0,1.33158561,4.229681054,1.031416411,4.167842476,1.530025882,1.567469177
77,-0.24925021,-1.143428016,0.95819415,-1.064870563,0.818259902,0.97923568,-0.053429486,-0.382100418,1.891622278,0.092336771,-0.256841721,1.202722268,-1.194977353,0.774572264,-1.238612309,-1.166638311,-0.904410101,1.607964573,0.369139439,-0.395810615,0.175944029,-0.944826084,-1.032407591,-1.121271697,-1.71873723,1.593839077,0.22119449,0.035181767,1.760998533,1.66229568,-2.559009433,0.644792052,1.50551373,0.486418382,-0.306033995,0.425147492,-0.815326409,1.030245061,-0.105985555,-0.320450176,-0.423321276,-0.301948657,-1.053540665,-1.083650146,-0.386956177,-0.992221636,0.107953342,1.798630657,-2.54314741,-0.160082274,-0.00147441,-0.926255583,0.303993309,0.859448542,-0.142398625,-0.70113917,0.325825825,-1.762437749,0.769907809,0.601915793,-0.660393942,-0.228744049,0.371726,0.278213391,-0.32764792,1.635431951,0.714803908,-1.260943039,-0.081058441,-1.422003132,-0.511211065,-1.131511618,1.204016087,-1.293877995,0.470914904,-0.021892492,-0.234298289,1.658493644,2.155227209,0.831486187,1.193863917,-2.112923247,0.506251179,-1.35567792,0.318126655,0.747297534,0.249182883,-0.638727839,1.511629902,-0.447225771,1.454200983,3.223525222,3.676848954,2.035359178,2.513433313,1.747542854,1.934458225,2.281935732,2.608367107,3.317127888
78,0.093946268,-0.93461061,-0.347668347,-0.561970144,-0.175306259,1.090119278,0.572777328,-0.518169492,1.641603955,-0.733828807,-0.45690339,0.881144966,-0.035066107,0.415333419,0.361139829,-0.63982962,0.665620247,0.730446918,-0.375988581,-1.420932815,-0.549783659,-0.446024506,-0.556947634,-0.411467399,-0.553127419,1.001459709,0.819981965,-0.524929536,0.927389561,0.591712666,-1.585379311,0.264420378,0.466293114,1.000706777,0.892137944,0.882477808,-0.446303129,0.682478331,-0.563849507,0.417480271,-0.15294087,0.104047623,-0.126641371,-0.881659886,-0.425718599,0.436724588,-0.74228743,0.706527203,-2.009502564,-0.39741932,0.425409906,0.002869769,-0.24807695,0.820130848,-0.476201382,-0.490091006,0.227545861,-0.856975649,0.324858215,0.334267555,0.520787861,-0.157711051,0.431756118,0.825226424,-0.625039165,0.951261796,1.172475699,0.22069605,0.811000054,-1.278481198,-0.398584782,-0.956145659,1.257699087,-0.72483762,0.738885877,-0.571888353,-0.38951978,0.383829019,1.951295213,0.114639698,1.015443659,-0.19375606,-0.349016641,-0.432025513,-0.067373611,0.238990495,0.033478004,-0.964248123,0.853003905,-0.777762423,0,1.157653037,1.832620842,2.788928017,3.258756266,2.146410044,1.477667675,2.072677965,0,0
79,-0.83659354,-1.293183723,0.812332563,-1.144622383,-0.578988405,1.823384811,0.033572284,-0.674938397,2.6837358,-0.523209533,0.36309408,1.673752986,-0.350717174,0.6251667,-0.227162152,-1.20285593,0.029903613,2.112978511,-1.149820488,-1.096838711,-0.532330732,-1.21201295,-1.09553583,-1.756480172,-2.200044952,1.654661142,1.57094958,-0.390980237,2.357229678,2.009270541,-3.975837475,0.99577839,1.419561345,1.6989059,0.422436174,0.414546035,-0.884938431,2.249411381,-1.301001233,0.023928348,-1.231650735,-0.116916533,-0.530228313,-2.799739607,-0.893983265,-0.105878012,-0.769985909,2.34989812,-3.818014447,0.17120795,0.813487221,-0.108497144,0.300747972,1.642488861,-0.682210081,-0.773442663,0.364921163,-2.029444217,1.23596557,0.230444689,-0.759764887,-1.243699173,1.347854636,1.313815553,-1.076305724,1.937621753,1.462523037,-0.886886213,0.898010112,-2.566288182,-1.285324185,-2.269320399,2.788979472,-1.333146383,0.947691693,-1.05011039,-0.677841994,1.567365408,4.322619152,1.806166105,3.124685479,-1.979914605,-0.389523469,-2.389251811,-0.159197546,1.936163869,0.387260795,-0.98335485,2.682918661,-0.785361886,2.773287869,4.461242112,2.747010493,5.589286731,5.944590357,2.724969287,4.53571677,2.418070652,2.825266083,2.380997504