,SBS1,SBS2,SBS4,SBS5,SBS13,SBS40
TCGA-05-4244-01A-01,3.002656865,1.296474314,4.67746904,0.057190685,0,4.83712294
TCGA-05-4249-01A-01,2.980077166,2.548578791,5.386914458,4.644213874,3.024284074,3.064923632
TCGA-05-4250-01A-01,2.04446353,3.415822084,5.317252615,5.096762725,3.199411965,0
TCGA-05-4382-01A-01,3.817414338,4.59632404,7.233358973,2.02E-14,4.488674836,5.962356018
TCGA-05-4384-01A-01,1.739776871,2.226014129,4.279520275,4.025597082,1.311934118,2.950116029
TCGA-05-4390-01A-02,3.194794216,0.70025819,6.128369682,3.171557213,0,5.153570434
TCGA-05-4402-01A-01,0.847992234,3.731824654,1.417989357,4.045291993,4.031045499,0
TCGA-05-4403-01A-01,2.973470129,1.342057306,4.187940988,4.399216777,1.467719115,0
TCGA-05-4405-01A-21,3.264940394,1.610589814,5.476548641,4.119056786,2.80107577,4.881526841
TCGA-05-4410-01A-21,3.516342969,4.266283672,6.727271776,4.68000649,4.213025703,5.590556629
TCGA-05-4415-01A-22,2.052844496,0,4.987848821,3.433801851,1.139327284,4.118555348
TCGA-05-4417-01A-22,2.844508676,0,5.419040433,2.248128116,0,4.809533837
TCGA-05-4418-01A-01,1.606111594,2.310784268,4.892859462,4.650592929,1.67352017,4.2446455
TCGA-05-4422-01A-01,1.706485092,2.672106564,2.32803052,3.133320957,1.918719474,0
TCGA-05-4424-01A-22,3.461127563,3.825363073,6.292853016,4.327380629,4.240385709,4.957477193
TCGA-05-4425-01A-01,3.335578724,0.286520492,0,2.22E-15,0.262637277,3.341915138
TCGA-05-4426-01A-01,2.597084301,1.250836169,2.043780267,2.822170452,1.169639598,2.908447749
TCGA-05-4427-01A-21,3.544915052,3.024789252,6.552593928,4.524080738,3.266064847,5.959184483
TCGA-05-4430-01A-02,2.055250613,1.782551249,5.427372658,4.267126457,2.385991905,3.676537242
TCGA-05-4432-01A-01,2.769698279,1.915992374,5.905388286,5.162074542,2.540321014,5.135992043
TCGA-05-4433-01A-22,2.984907439,0,0.738584496,2.874541747,1.18615671,1.964392974
TCGA-05-4434-01A-01,1.647794865,1.619929211,0,3.826667875,1.923145772,0
TCGA-05-5423-01A-01,2.968945832,2.438871145,4.490538163,3.65557606,1.846124089,2.942116989
TCGA-05-5425-01A-02,2.787139534,0,5.882695362,4.624445324,3.385965828,5.270420805
TCGA-05-5428-01A-01,2.993468431,4.430773551,5.342146106,0.961172464,3.915837665,4.62773683
TCGA-05-5715-01A-01,2.958429273,3.615160341,2.517446445,3.474941935,4.005188336,0
TCGA-35-3615-01A-01,2.505225299,3.440113994,3.86260817,2.577341633,2.854244969,3.348163353
TCGA-35-4122-01A-01,1.758890034,2.513180252,3.954680319,4.73134795,2.920255172,5.193826064
TCGA-35-4123-01A-01,2.662863636,0,5.345387194,0,2.10485596,4.887681462
TCGA-35-5375-01A-01,2.874730018,2.635341192,5.17590619,4.815392102,3.066370464,5.04674443
TCGA-38-4625-01A-01,3.066269535,4.273042881,6.149455529,2.789364121,4.058549265,4.636431613
TCGA-38-4626-01A-01,1.767046433,1.562958176,5.334423285,6.22E-15,2.330461661,4.660961719
TCGA-38-4627-01A-01,1.782824575,0.874575859,0,3.236554917,0.601422613,0
TCGA-38-4631-01A-01,3.02167579,0,6.395435438,4.629814532,2.754714927,5.199372826
TCGA-38-4632-01A-01,2.461557638,2.790789618,5.805969401,5.007604011,2.485959845,4.860953411
TCGA-38-6178-01A-11,2.442198697,2.187576973,2.103594808,0,0,4.225263727
TCGA-38-7271-01A-11,1.42977646,2.583405108,3.629866804,3.77E-15,3.485247339,3.409224799
TCGA-38-A44F-01A-11,1.842465951,0.531474084,0,3.11E-15,0,2.638090941
TCGA-44-2655-01A-01,1.856910947,1.462643318,4.939842844,4.22E-15,1.560839572,4.314384844
TCGA-44-2657-01A-01,3.423552352,2.990159343,5.472752529,0,2.895181768,5.214365763
TCGA-44-2662-01A-01,1.760249575,4.230368429,3.659210495,4.00866152,4.473379393,3.085908466
TCGA-44-2665-01A-01,2.474176513,2.575657339,1.85710833,3.569055261,1.808268808,0
TCGA-44-2668-01A-01,2.522058808,3.564293827,5.48543141,6.66E-16,3.250491425,4.838464507
TCGA-44-3396-01A-01,3.114657739,3.897121619,4.049767533,4.139327967,3.808143762,2.565131945
TCGA-44-3398-01A-01,1.732738664,3.454780235,4.661623908,4.360955075,3.482865496,0
TCGA-44-3917-01A-01,2.505332702,1.39884811,4.626038325,3.210647226,2.864522691,4.70281661
TCGA-44-3918-01A-01,3.334546123,3.311473281,6.626193752,1.788104948,3.96833032,5.553076326
TCGA-44-3919-01A-02,0.81853288,1.87927171,0,3.669154023,2.717345381,2.381886326
TCGA-44-5643-01A-01,2.763201811,2.742958737,3.721737323,4.398623622,2.560449124,0
TCGA-44-5644-01A-21,3.683336199,2.723486498,6.662664796,4.657196707,3.324331216,5.35296309
TCGA-44-6145-01A-11,2.403792006,1.360384883,5.532830616,0,0,4.797265544
TCGA-44-6148-01A-11,0.942063691,0,4.44E-16,2.017568683,0,0
TCGA-44-6774-01A-21,1.992866915,0,5.625591229,3.411485912,0.842509097,4.104208477
TCGA-44-6776-01A-11,1.129471989,1.622505707,5.09860142,4.428475837,1.603366189,0.242332175
TCGA-44-6777-01A-11,2.682780028,4.024813026,5.396616196,4.682469298,3.783001337,4.021087439
TCGA-44-6778-01A-11,2.181851977,1.810115142,5.575671279,4.783086801,0.791003304,4.526357493
TCGA-44-6779-01A-11,3.071071339,2.177620928,3.757339015,2.576083882,0.669992057,3.710934767
TCGA-44-7659-01A-11,1.950825302,1.064829392,4.2832392,2.753830942,1.917503652,4.336803741
TCGA-44-7660-01A-11,1.531215489,0,5.020480751,5.393996674,3.425460208,4.160039975
TCGA-44-7661-01A-11,1.961908252,3.189701121,5.466351755,4.232234293,3.835244896,1.587461466
TCGA-44-7662-01A-11,2.718432478,3.551653065,5.900392204,4.864248948,3.668068033,4.762534081
TCGA-44-7667-01A-31,3.658898509,1.513026761,5.562193766,2.723181391,0.09019284,5.492750508
TCGA-44-7669-01A-21,2.068209772,0,5.549997316,5.106884143,2.161063656,4.682290168
TCGA-44-7670-01A-11,3.502787668,4.253362292,6.707065054,1.95E-14,4.453368149,5.815883902
TCGA-44-7671-01A-11,1.761598268,1.434793161,4.745246557,4.60037209,1.968269165,3.93698306
TCGA-44-7672-01A-11,0.828953054,2.206742726,4.767571573,4.019480073,1.02688343,2.97170978
TCGA-44-8117-01A-11,3.398986021,2.592838101,6.366023559,4.595040719,2.988403408,4.853989507
TCGA-44-8119-01A-11,3.716099707,0.992699195,5.855402985,4.40968141,1.291241578,5.561456753
TCGA-44-8120-01A-11,2.350346644,2.946247144,6.242641598,5.169892952,2.525683518,0
TCGA-44-A479-01A-31,2.691514788,2.23511318,5.491144616,3.238306588,2.068232386,4.247958645
TCGA-44-A47A-01A-21,2.830282759,3.484863885,4.054601197,4.523703421,4.271000978,0
TCGA-44-A47B-01A-11,2.818368036,1.45413704,2.272644012,2.624220004,0,3.059435924
TCGA-44-A47G-01A-21,2.404650997,2.195572546,2.649767582,2.942077184,2.41237135,3.753589091
TCGA-44-A4SS-01A-11,2.587878394,3.078889423,5.520748573,4.752916135,3.617124967,5.010568887
TCGA-44-A4SU-01A-11,2.096604597,1.001288597,4.2183573,4.653734329,0.588446282,1.235601685
TCGA-49-4487-01A-21,2.433488823,3.052705806,5.362982214,3.085608858,3.60152828,4.966569045
TCGA-49-4488-01A-01,2.330744256,2.921353751,5.296406919,0,2.185436518,4.785079259
TCGA-49-4490-01A-21,2.392422859,2.175234931,0,3.840643855,2.185094859,2.22E-16
TCGA-49-4494-01A-01,3.092974073,1.407255639,4.809200752,0,1.436165284,4.489025372
TCGA-49-4501-01A-01,3.069122493,2.540778921,1.997306129,3.56640022,1.108328977,0
TCGA-49-4505-01A-01,3.364662911,2.320149666,4.861680424,0,1.87700224,4.606409105
TCGA-49-4506-01A-01,1.720901831,1.503888714,4.135571583,4.180307598,0,0
TCGA-49-4507-01A-01,2.986763033,3.250004156,4.473859653,3.85601004,2.967006694,3.950928075
TCGA-49-4510-01A-01,0,0,2.742670508,3.793705098,1.671904276,0.082395633
TCGA-49-4514-01A-21,2.725964183,4.105172994,5.051348302,4.572482425,4.084654147,3.354706812
TCGA-49-6743-01A-11,2.631368804,4.726593048,5.952258529,5.536322082,4.672955397,4.440524117
TCGA-49-6744-01A-11,1.73958153,0.733287384,5.182274458,3.299920377,1.654543973,4.341133668
TCGA-49-6745-01A-11,3.089940856,3.795585436,2.22E-16,3.50838837,3.771925889,3.511414838
TCGA-49-6761-01A-31,2.030875244,3.894470015,3.903043542,4.176532963,3.586579541,0
TCGA-49-6767-01A-11,2.332756871,2.764773716,6.000335886,4.909278353,3.216820376,2.87715605
TCGA-49-AAQV-01A-11,1.886213564,2.798739975,0.93447947,3.292551106,3.311279128,2.646473595
TCGA-49-AAR0-01A-21,2.199834522,2.447969172,4.281887248,4.332101745,2.391572493,0
TCGA-49-AAR2-01A-11,2.86517372,0,5.711919618,1.796220131,2.302502084,4.843957155
TCGA-49-AAR3-01A-11,1.952270627,1.868577504,4.170761624,4.428775593,2.064681656,0
TCGA-49-AAR4-01A-12,2.397759704,3.980038734,5.87092878,1.440429355,3.887400733,5.420082702
TCGA-49-AAR9-01A-21,3.158370574,1.607017941,6.248454779,4.832961168,1.962533483,4.749852605
TCGA-49-AARE-01A-11,2.969930313,3.979313404,7.00558419,5.563546701,3.689431704,5.040109677
TCGA-49-AARN-01A-21,2.514685988,4.726837977,4.89015235,0,0,6.491823927
TCGA-49-AARO-01A-12,1.169425174,2.104658714,6.276213578,1.55E-14,2.97821577,4.984643753
TCGA-49-AARQ-01A-11,3.118674606,3.816378745,6.281071916,2.627769105,3.751528897,5.328623999
TCGA-49-AARR-01A-11,0.665722876,0,0.185303784,1.047501199,0,0
TCGA-4B-A93V-01A-11,2.311841811,1.921048922,4.248285323,2.926666482,0.059828367,4.100436288
TCGA-50-5044-01A-21,1.187607134,3.967791267,2.22E-16,3.833010582,4.271112596,0
TCGA-50-5045-01A-01,1.026468671,2.071829712,5.670311459,3.055165943,2.587161309,3.318825981
TCGA-50-5049-01A-01,1.947717696,1.58885822,6.399041213,3.877366691,2.482295868,5.763796184
TCGA-50-5051-01A-21,2.247308203,0.446094024,3.474881815,3.930327682,1.661191532,2.995310563
TCGA-50-5055-01A-01,2.052329753,1.158515935,4.44E-16,4.44E-16,1.250959325,2.254978138
TCGA-50-5066-01A-01,2.100086782,2.153892842,4.834506739,3.017460547,1.942640673,5.17627277
TCGA-50-5068-01A-01,2.465297054,0.878752894,3.675142424,4.119338345,1.391520243,1.921525137
TCGA-50-5072-01A-21,2.55613571,2.657363562,4.29010401,3.55E-15,1.202259334,4.600697616
TCGA-50-5931-01A-11,2.507839174,1.858229622,5.142727661,4.161707522,2.483802326,4.653573817
TCGA-50-5933-01A-11,3.518337561,3.133876546,5.825378832,4.328364808,2.681818926,5.106476009
TCGA-50-5935-01A-11,1.923813066,3.488822902,0,4.061896717,3.411848085,0
TCGA-50-5936-01A-11,2.000492302,3.501706805,3.178614688,3.561880361,3.289822123,3.061255511
TCGA-50-5939-01A-11,2.28394984,2.77676616,0,2.980025306,1.808066285,4.031239507
TCGA-50-5941-01A-11,2.62667982,2.110229541,5.500794644,3.816261489,3.068750909,5.100394237
TCGA-50-5942-01A-21,2.181059278,0,2.624386724,1.33128466,0,3.840791275
TCGA-50-5944-01A-11,2.863356595,1.094604729,0,1.700014838,1.785601856,4.0263256
TCGA-50-5946-01A-11,2.952422858,4.17703781,5.88826981,5.092857625,4.472839872,4.450829438
TCGA-50-6590-01A-12,2.126073877,4.356899178,6.276955926,4.582251395,4.73023125,5.530940109
TCGA-50-6592-01A-11,2.173625413,3.262004831,4.557824857,4.570073522,3.449321875,4.581922511
TCGA-50-6593-01A-11,2.077792852,1.549683889,5.210015855,4.410693432,1.252354468,4.556038522
TCGA-50-6594-01A-11,2.549130919,3.013570236,5.97528174,2.948163622,3.267792988,5.093387282
TCGA-50-6595-01A-12,1.805163389,2.845211911,2.925902279,4.044316733,2.55503816,2.840178203
TCGA-50-6673-01A-11,2.420554391,0.945191518,8.88E-16,3.617872604,1.408540071,0
TCGA-50-7109-01A-11,2.456870689,0,5.064830967,4.609711678,1.507202402,3.583763904
TCGA-50-8457-01A-11,1.939170313,0.948802996,2.935712414,2.808820735,1.339529721,3.069333441
TCGA-50-8459-01A-11,2.34593425,1.21064765,3.977144565,3.884579214,0.784089659,0
TCGA-50-8460-01A-11,1.877950656,1.524143812,0,2.714464062,0.547358883,2.441146232
TCGA-53-7624-01A-11,2.855249637,4.359329137,6.270364003,5.300789732,4.333861013,4.605306502
TCGA-53-7626-01A-12,2.89E-15,0.966791163,0.04387232,0,2.728812275,5.193855973
TCGA-53-7813-01A-11,2.083403635,0,4.626475371,4.274091478,0,0
TCGA-53-A4EZ-01A-12,2.905609266,2.302860283,5.855823433,4.324521701,2.241820268,5.14850022
TCGA-55-1592-01A-01,1.166469702,3.167018666,5.322344724,5.559727646,3.364656825,5.121063527
TCGA-55-1594-01A-01,2.784384901,3.501325931,3.757534015,4.088172841,3.675342767,3.844067227
TCGA-55-1596-01A-01,1.41182014,0,4.177544133,4.676300393,1.249266366,3.84654915
TCGA-55-5899-01A-11,2.399299623,4.163718083,5.640979366,4.765811502,3.983476998,2.468610974
TCGA-55-6543-01A-11,2.269708168,0.306716622,0,2.721474477,1.240504421,0
TCGA-55-6642-01A-11,1.888433972,1.628030941,4.629885442,3.622870878,1.317939804,0
TCGA-55-6712-01A-11,2.649101925,3.792448757,3.547271519,3.997074476,4.083227093,0
TCGA-55-6968-01A-11,2.524774529,5.282416168,4.73878349,3.832792473,5.435971899,4.184562717
TCGA-55-6970-01A-11,1.244747178,1.798583679,4.85079462,3.902947264,1.69466977,3.389523134
TCGA-55-6971-01A-11,0,1.443346604,1.163906677,4.010668957,2.22E-16,2.22E-16
TCGA-55-6975-01A-11,2.268229699,1.978569739,3.775119156,3.760473739,1.876995956,0
TCGA-55-6978-01A-11,2.003951063,0,4.44E-15,2.447528622,2.22E-16,2.524193404
TCGA-55-6979-01A-11,2.22E-16,2.114268196,0,2.22E-16,3.198604195,2.89E-15
TCGA-55-6980-01A-11,0.710483187,0,1.55E-15,2.450621235,2.22E-16,0.617173366
TCGA-55-6981-01A-11,2.207330357,0.143287249,6.66E-16,0,0,4.22E-15
TCGA-55-6983-01A-11,1.927922386,1.418686797,3.586079157,4.26153715,0.644183979,1.13629992
TCGA-55-6985-01A-11,2.649022899,0,5.878107799,3.048639471,0.338374124,5.299504904
TCGA-55-6987-01A-11,1.954208206,3.575550824,5.001969345,3.820693917,3.968134789,0
TCGA-55-7227-01A-11,2.564000165,2.166788218,4.590111386,4.103094996,1.448867847,2.943971076
TCGA-55-7283-01A-11,3.698101956,3.270328678,3.955541061,3.351201471,3.43634319,4.66439476
TCGA-55-7284-01B-11,3.124410114,0,8.88E-16,3.270951488,0.044814765,2.386126878
TCGA-55-7570-01A-11,2.191432761,3.248001568,4.986151147,4.523516508,4.197349216,4.936430648
TCGA-55-7573-01A-11,0.80429419,1.776995082,2.554571281,2.696270375,0.872745687,3.426514895
TCGA-55-7574-01A-11,0.351494747,3.993971126,4.145941112,4.208055534,4.429418416,4.143507223
TCGA-55-7576-01A-11,3.434956078,2.352996825,5.500908488,4.453894431,2.289620425,4.841872006
TCGA-55-7724-01A-11,2.795134859,2.721760922,3.591877318,4.816214225,2.80171871,4.207022975
TCGA-55-7725-01A-11,1.709909159,0,4.398995904,3.246623937,0.030162781,3.814815306
TCGA-55-7726-01A-11,2.995303474,3.394254847,2.663365361,3.441269122,3.904899356,0
TCGA-55-7727-01A-11,2.692407413,4.120867172,4.558394731,3.975264114,3.76222652,3.815939305
TCGA-55-7728-01A-11,2.745685554,0.16353945,4.341569742,3.270364295,1.304446966,0
TCGA-55-7815-01A-11,2.775300991,1.599277428,4.546501037,3.654530681,0.782480135,3.327513205
TCGA-55-7816-01A-11,1.048940883,0,0,0.135731105,0,0
TCGA-55-7903-01A-11,3.014141465,2.620327409,2.55679323,4.148862059,2.25084742,3.691860976
TCGA-55-7907-01A-11,3.638508207,4.551040532,6.713560355,4.118342235,4.807560858,5.601553164
TCGA-55-7910-01A-11,3.070342267,0.482603963,5.384229755,4.127380805,1.623090488,4.119069837
TCGA-55-7911-01A-11,2.530868586,1.570461958,4.780197431,3.333505854,2.419032535,4.646575078
TCGA-55-7913-01B-11,3.124175997,2.899969712,5.381425821,4.037580617,3.085242152,4.534656928
TCGA-55-7914-01A-11,2.821392199,2.215226839,4.438633349,4.433934327,2.779740882,0
TCGA-55-7994-01A-11,3.242488027,3.227721258,7.058406568,5.924762205,3.917002425,5.2788814
TCGA-55-7995-01A-11,2.86139931,3.812772474,5.852447126,4.208972793,3.598173319,5.724676843
TCGA-55-8085-01A-11,2.985386389,4.128568285,4.564782285,4.280552229,4.067516271,2.666057778
TCGA-55-8087-01A-11,2.187170898,1.586063036,0,3.079125152,1.230012801,1.799214946
TCGA-55-8089-01A-11,3.705523279,5.311969722,6.519576184,4.191277451,5.329254878,5.816805254
TCGA-55-8090-01A-11,1.751523469,0,3.810687439,3.76649263,1.193210076,2.959545661
TCGA-55-8091-01A-11,2.739882,0.07887213,0.808200836,0.0445073,0,3.141709488
TCGA-55-8092-01A-11,3.761568906,4.647017484,5.646528661,4.65753787,3.634371459,4.905184786
TCGA-55-8094-01A-11,3.070283546,1.903616995,5.697145175,2.790602857,1.370216898,5.275359883
TCGA-55-8096-01A-11,2.847466622,1.564688706,3.993772354,0,1.849258886,4.492678485
TCGA-55-8097-01A-11,3.236272554,2.176855238,3.771069152,3.972344812,1.828423062,0
TCGA-55-8203-01A-11,3.458985582,2.22E-16,5.798923512,3.587024462,0,4.8052062
TCGA-55-8204-01A-11,2.314732661,3.653407301,3.793584559,4.369249505,3.738559835,4.022396195
TCGA-55-8205-01A-11,2.35991476,4.303066373,5.397457875,4.661622389,4.771795843,4.724735904
TCGA-55-8206-01A-11,2.085584447,1.602655886,1.214520552,2.415553786,0.713585327,2.665737976
TCGA-55-8207-01A-11,2.98335098,1.289492768,5.382580304,4.463627163,2.542226538,3.624939572
TCGA-55-8208-01A-11,1.093550625,4.505429507,3.980289872,4.811675775,4.616926313,4.260640859
TCGA-55-8299-01A-11,0.93353685,1.956169347,4.939281053,4.25353087,0.281652167,3.807458347
TCGA-55-8301-01A-11,1.995481627,2.026794277,4.999326153,4.879952209,3.1669953,3.151920415
TCGA-55-8302-01A-11,3.009945748,0,6.217502147,3.999889238,1.89509219,5.497247386
TCGA-55-8505-01A-11,2.164708166,1.872763864,0,2.702021964,1.974731194,2.751566532
TCGA-55-8506-01A-11,5.900479002,0.910822153,6.91000862,6.488633855,1.648230294,0
TCGA-55-8507-01A-11,3.513148907,1.916522147,6.592298731,4.791535942,2.072687492,5.597535492
TCGA-55-8508-01A-11,3.026932829,2.393183141,4.552018773,3.094903163,0.756279066,4.225062639
TCGA-55-8510-01A-11,2.36302736,2.091882498,5.412101118,0,2.969555149,4.795423192
TCGA-55-8511-01A-11,3.425665595,3.966003963,5.912078058,3.23747346,3.037653691,5.306707013
TCGA-55-8512-01A-11,1.035868024,0.942778865,2.602636324,3.251221391,1.211187358,1.781159534
TCGA-55-8513-01A-11,1.781535558,0.168004648,1.11E-15,0,0,1.584753512
TCGA-55-8514-01A-11,3.220403937,0.777844372,5.358315371,3.689712583,1.411836629,4.147589606
TCGA-55-8614-01A-11,3.15420832,2.453743158,4.074631029,5.088480478,2.972342784,3.195566843
TCGA-55-8615-01A-11,2.614224198,0,3.779201081,3.050026965,0.058097399,4.447189183
TCGA-55-8616-01A-11,3.569466483,0,5.985378451,2.017682254,2.312868168,4.936666931
TCGA-55-8619-01A-11,2.756387011,0,1.240009397,0,0.595031054,2.301424973
TCGA-55-8620-01A-11,3.082649716,1.833908754,5.848001998,5.373056248,2.181966764,0
TCGA-55-8621-01A-11,0.919172998,1.005807933,3.547487221,3.773676667,1.870704195,1.78E-15
TCGA-55-A48X-01A-11,2.194525869,2.402486869,5.54408264,2.406491581,2.643975347,5.037535287
TCGA-55-A48Y-01A-11,3.160716699,5.228655592,1.240575745,4.21910079,5.132503128,0
TCGA-55-A48Z-01A-12,2.409658968,1.240140738,2.143357051,3.173429675,0.174110776,3.250616824
TCGA-55-A490-01A-11,3.606066229,3.8571695,6.982208855,3.526909177,3.976286725,5.864242404
TCGA-55-A491-01A-11,2.255167585,2.577057047,5.495829689,4.773460014,2.894887186,3.993081641
TCGA-55-A492-01A-11,2.762573159,2.270776286,5.19548772,4.566341253,1.618532483,3.966117044
TCGA-55-A493-01A-11,2.500634961,3.958372766,5.03655078,4.385445847,3.508224144,1.764161286
TCGA-55-A494-01A-11,3.677501211,1.351876115,4.923617292,3.579663468,2.28495908,4.101022838
TCGA-55-A4DF-01A-11,3.258918085,5.618100628,4.613722529,5.111779159,5.745224415,4.419980932
TCGA-55-A4DG-01A-11,2.907463501,2.22E-16,6.268349893,4.858009261,3.292102712,4.558253426
TCGA-55-A57B-01A-12,2.311709351,1.893166507,1.501685256,3.447225792,0.20813017,0
TCGA-62-8394-01A-11,2.817221313,2.576000297,8.88E-16,1.974261599,3.359249326,4.689962913
TCGA-62-8395-01A-11,2.608250836,1.931169927,0,4.056212175,2.477804082,0.774995781
TCGA-62-8397-01A-11,2.106781565,0.889969602,0,1.487517723,0,2.940066897
TCGA-62-8398-01A-11,2.473907744,1.854773657,3.565709923,2.62130652,0.88716182,3.693731463
TCGA-62-8399-01A-21,3.48531475,4.582336911,5.434597764,4.772556202,4.961349402,3.447340494
TCGA-62-8402-01A-11,2.999031943,1.309661982,0,1.059589821,0.061306529,3.937311818
TCGA-62-A46O-01A-11,3.385193936,4.29892463,6.323627316,4.970607209,4.29247107,5.220369039
TCGA-62-A46P-01A-11,3.147943398,0,5.35197196,4.44E-16,1.53729521,4.682463299
TCGA-62-A46R-01A-11,2.980262085,3.081927413,4.379860165,4.006703706,1.938354297,3.393402904
TCGA-62-A46S-01A-11,2.98310464,2.419588424,3.801113161,3.810223264,0.888841614,3.284612423
TCGA-62-A46V-01A-11,2.871400015,1.622369662,0,1.594392904,0,3.857521534
TCGA-62-A46Y-01A-11,2.58660116,0,0,3.33E-15,0,3.357435558
TCGA-62-A470-01A-11,3.007441077,1.166301535,3.761841271,3.83422562,1.832670801,3.466317596
TCGA-62-A471-01A-12,1.857054551,3.653396355,0,4.272112855,3.469172853,4.44E-16
TCGA-62-A472-01A-11,1.895753671,1.542398422,2.676393227,3.241075969,0,3.160095693
TCGA-64-1676-01A-01,3.392017185,0.449347049,6.167635122,3.151638434,2.120253396,5.267562689
TCGA-64-1677-01A-01,2.541427411,3.596096126,4.024145588,4.110615249,3.994479974,3.798456834
TCGA-64-1679-01A-21,2.901655406,2.962231007,5.9237815,8.44E-15,3.153044745,5.248206479
TCGA-64-1681-01A-11,2.095545522,2.474036604,2.22E-15,2.14613391,2.763333556,4.198637402
TCGA-64-5774-01A-01,2.647946223,0.814367681,4.696890603,3.644715945,1.977290173,0
TCGA-64-5775-01A-01,3.000596357,2.168986376,5.866477023,4.434753913,2.198788319,4.443108057
TCGA-64-5778-01A-01,2.979905974,3.115409696,5.802665086,3.625277597,2.138690638,5.001035376
TCGA-64-5779-01A-01,3.116116803,0.522441745,5.304031432,3.240635208,1.540155584,4.8881129
TCGA-64-5781-01A-01,3.585689815,4.434504719,6.650932237,3.56254795,3.894786921,6.027574274
TCGA-64-5815-01A-01,2.882309235,0,4.661252157,1.019012717,0.702823955,4.437771112
TCGA-67-3770-01A-01,1.727495787,1.556432895,4.986928091,4.38163342,0,3.373390588
TCGA-67-3772-01A-01,2.745769022,0.602770001,0,3.455039396,1.429760516,3.426182776
TCGA-67-3773-01A-01,2.033301915,1.505239635,4.080617298,3.641524561,0,2.604432762
TCGA-67-3774-01A-01,0,1.638582213,3.793767216,4.218041318,0.79288994,3.411760199
TCGA-67-4679-01B-01,2.511593029,0.952478069,5.214581535,3.938684051,1.762096084,4.574431325
TCGA-67-6216-01A-11,1.654934817,1.832768577,0,3.151184274,2.285713962,1.67648865
TCGA-67-6217-01A-11,2.846259776,1.325064316,4.29937154,1.810675966,0.216337226,4.818821194
TCGA-69-7760-01A-11,2.450678295,1.721804798,2.522470342,3.912630039,1.141705495,2.217829693
TCGA-69-7761-01A-11,1.581696982,0.442349838,1.254857416,0,0,3.403631086
TCGA-69-7763-01A-11,3.202565431,0.43746492,1.997711955,3.262463898,0,3.554004001
TCGA-69-7764-01A-11,2.174399001,1.605417789,3.13121901,3.686260813,0.708590918,3.594424943
TCGA-69-7765-01A-11,0,3.713312461,6.131743406,4.887600941,3.324325631,4.30888519
TCGA-69-7973-01A-11,2.950574406,2.307536369,5.248677939,2.919689561,0,3.92854196
TCGA-69-7974-01A-11,3.300113434,1.333998102,5.770332565,4.174665616,2.906992172,5.231771404
TCGA-69-7978-01A-11,2.943686478,4.362224877,5.827202109,4.689139411,4.825744009,4.485670054
TCGA-69-7979-01A-11,3.779974649,3.328578273,7.154171612,4.105166138,4.001493418,5.611381026
TCGA-69-7980-01A-11,2.551294477,4.213242779,6.116276445,5.192263275,4.847950327,4.515826153
TCGA-69-8253-01A-11,2.593285849,2.865472001,4.563281917,3.064264686,2.441688065,3.993790904
TCGA-69-8254-01A-11,2.851209281,0.354202091,3.041321091,2.561052329,0,3.858283356
TCGA-69-8255-01A-11,2.736215693,3.190900912,4.673271873,4.616653069,2.720113699,4.452913971
TCGA-69-A59K-01A-11,3.687289745,3.247057207,5.946924439,1.69E-14,2.745146617,4.96978315
TCGA-71-6725-01A-11,3.322989275,1.571497288,1.198582932,1.570750741,0.572233386,3.693689499
TCGA-71-8520-01A-11,2.935276239,2.174630584,2.760974157,3.970226954,2.510622487,0
TCGA-73-4658-01A-01,2.915909543,4.529546855,5.075813451,4.661062135,4.204202146,0
TCGA-73-4662-01A-01,2.35112306,1.965002647,4.988258075,3.863376576,2.216176442,3.986925192
TCGA-73-4668-01A-01,2.984056022,0,5.904521402,4.504479683,2.386826704,4.978389475
TCGA-73-4670-01A-01,1.847860017,2.761223454,5.238207756,5.074298608,2.043190499,3.908857579
TCGA-73-4675-01A-01,1.645447681,0.264689769,1.11E-15,4.143167627,1.585648991,1.495822991
TCGA-73-4676-01A-01,2.120348329,1.091999442,3.090009118,4.298058786,2.22E-16,1.816710484
TCGA-73-4677-01A-01,2.787522293,2.047883389,5.046362149,7.55E-15,0,4.83271909
TCGA-73-7498-01A-12,2.503931458,0,4.241881208,3.675989998,0.579583176,3.042517911
TCGA-73-7499-01A-11,2.606482571,1.648513569,6.66E-16,3.279261887,2.680913698,3.335586759
TCGA-73-A9RS-01A-11,3.154720495,3.320053547,6.631765672,4.00E-15,3.381483556,5.66176703
TCGA-75-5122-01A-01,3.051671193,2.617460985,3.610433515,3.162232683,2.725303024,4.147601654
TCGA-75-5125-01A-01,2.323246873,2.879904276,3.977053542,4.551960848,3.274168481,1.853119124
TCGA-75-5126-01A-01,2.845482008,4.4990042,5.954151542,4.347375006,4.597229512,4.934677987
TCGA-75-5146-01A-01,1.629078565,2.154728937,5.082684708,3.043333284,0,3.873156686
TCGA-75-6203-01A-11,2.196518985,0,0,2.454605959,2.22E-16,0
TCGA-75-6205-01A-11,1.621440785,1.816648272,0,3.338051276,0.956005005,3.116283564
TCGA-75-6206-01A-11,0,1.316925543,3.209341239,3.598738519,2.448886583,3.446099203
TCGA-75-6207-01A-11,2.422693707,1.739170373,0.199189892,2.889106013,2.23915403,3.794323459
TCGA-75-6211-01A-11,2.865809123,0,5.528242793,4.016189096,2.648788617,4.701474139
TCGA-75-6212-01A-11,1.485460809,1.177840928,2.22E-16,2.892010359,0,0
TCGA-75-6214-01A-41,3.112308876,4.500736026,5.929246151,4.788179775,4.597775247,5.171772
TCGA-75-7025-01A-12,2.566706652,2.106285286,6.66E-16,3.042540525,0,2.22E-16
TCGA-75-7027-01A-11,2.775132149,1.122762771,5.063724187,0,2.22E-16,4.833957087
TCGA-75-7030-01A-11,1.851928952,0,2.22E-16,1.79286416,0,2.088342407
TCGA-75-7031-01A-11,2.997144391,1.288919394,4.484131008,3.739307679,2.950110941,4.527922136
TCGA-78-7145-01A-11,2.675344776,0.993420394,4.859149609,2.702883282,2.591334351,4.376981386
TCGA-78-7146-01A-11,3.208773893,4.056844232,5.542530076,4.282219475,4.097633466,3.210279873
TCGA-78-7147-01A-11,3.181291223,3.220879622,4.908421076,3.954209023,2.784329288,5.219760128
TCGA-78-7148-01A-11,2.097242086,1.608528285,4.80111929,4.744064807,0.937215868,3.271147748
TCGA-78-7149-01A-11,1.762101064,3.818969808,3.408564085,4.257373709,3.893037485,0.997808259
TCGA-78-7150-01A-21,2.399741756,4.377391466,4.823605055,5.339208778,4.401694832,0
TCGA-78-7152-01A-11,1.544477155,3.798829656,4.330973054,4.375234356,3.992476094,0
TCGA-78-7153-01A-11,2.951104086,2.494734444,3.391736362,4.454818439,2.77046821,0.029832224
TCGA-78-7154-01A-11,3.435318701,4.114517837,3.857281106,4.892331936,4.145284157,0
TCGA-78-7155-01A-11,3.435552295,4.142902283,7.011850083,5.228011029,3.988673396,5.929204915
TCGA-78-7156-01A-11,2.66804448,4.523044716,5.004885948,4.555152042,4.29334998,0
TCGA-78-7159-01A-11,3.112381872,1.902666693,5.299906608,3.46695207,0.759076967,4.548716909
TCGA-78-7160-01A-11,1.408204679,0,3.181315602,1.870046399,1.590781405,3.505177789
TCGA-78-7161-01A-11,2.698309677,1.835514868,4.691330157,3.827712515,2.084548127,3.855572261
TCGA-78-7162-01A-21,1.856718666,2.191420543,2.724919047,2.72596585,2.110236392,3.877990762
TCGA-78-7163-01A-12,1.81697191,0.31711887,3.081303437,2.780554487,0.394276336,0
TCGA-78-7166-01A-12,1.323584951,2.437431145,5.154796564,4.274277071,0,0
TCGA-78-7167-01A-11,2.781453297,2.996970269,3.771588531,3.252981639,3.127177693,3.30184494
TCGA-78-7220-01A-11,2.826744916,4.191683648,6.277182608,4.82584042,3.762756515,5.544905852
TCGA-78-7536-01A-11,3.343815477,2.028311317,6.048487447,3.648182658,0,5.449498027
TCGA-78-7537-01A-11,1.287771249,2.605472724,4.453310189,4.070600033,1.761703969,2.252592353
TCGA-78-7539-01A-11,3.015533878,4.761901162,4.646984252,5.08753994,5.305742469,0
TCGA-78-7540-01A-11,2.461627081,0.746372584,8.88E-16,0,0.595037322,0
TCGA-78-7542-01A-21,3.108794191,3.388463359,5.449132596,1.72792618,1.543589704,4.98180097
TCGA-78-7633-01A-11,1.792340809,0.418607597,4.114504334,3.5911869,2.157704843,2.81365442
TCGA-78-8640-01A-11,3.599165743,3.962548367,5.774944736,4.652560434,4.148045172,5.763783358
TCGA-78-8648-01A-11,1.226629297,0,1.44231536,2.200153333,0,0
TCGA-78-8655-01A-11,2.615360597,1.535434023,4.101293291,3.744629287,1.616002914,1.722753585
TCGA-78-8660-01A-11,2.664825906,3.124351522,4.365748938,3.98407947,2.864153522,4.761413643
TCGA-78-8662-01A-11,3.366687765,3.471027301,6.6196065,5.257033743,3.676826683,5.87427218
TCGA-80-5607-01A-31,1.832721338,4.15386742,2.22E-16,1.684648657,4.031763773,3.444210178
TCGA-80-5608-01A-31,2.470317526,0,5.072355432,1.73E-14,2.24194857,4.071625658
TCGA-80-5611-01A-01,1.276174384,0.6669811,3.968441516,4.742294604,1.810814483,4.300738166
TCGA-83-5908-01A-21,2.674232437,3.52837149,4.522192538,0,4.114973871,4.501392392
TCGA-86-6562-01A-11,2.374081494,2.126759924,0,2.484510562,2.732868717,3.373408654
TCGA-86-6851-01A-11,2.424361385,3.27790842,6.493574344,4.716855259,4.542630998,5.344960871
TCGA-86-7701-01A-11,2.714339287,0,3.622871697,0,2.905934848,5.374657971
TCGA-86-7711-01A-11,2.803691598,3.159305917,4.548680871,4.227792462,3.403986762,3.966191675
TCGA-86-7713-01A-11,2.458849711,0.761486181,4.099028832,2.715149017,0.64493605,4.462366761
TCGA-86-7714-01A-12,1.314489903,1.17535204,3.42893108,4.010858051,0,0
TCGA-86-7953-01A-11,1.638035803,1.569287667,2.57346701,3.347557987,1.453094307,2.582560868
TCGA-86-7954-01A-11,2.943484288,3.123772651,4.454623583,4.515218715,3.25926368,3.738935398
TCGA-86-7955-01A-11,2.413519243,2.848502006,4.897925235,4.812568467,2.502198938,4.209113681
TCGA-86-8054-01A-11,2.611606004,2.315729194,4.871620723,3.724328853,1.59623388,4.321966841
TCGA-86-8055-01A-11,2.830697268,0.53405696,1.11E-15,2.075962865,0.477724039,3.682666728
TCGA-86-8056-01A-11,2.575257615,4.510179277,4.169858302,4.381825379,4.321947172,2.990811159
TCGA-86-8073-01A-11,3.212093459,3.831958849,7.061836013,4.731339549,3.734810783,5.878025752
TCGA-86-8074-01A-11,2.257680901,1.21400065,1.266468557,0,0.584474657,4.184037432
TCGA-86-8075-01A-11,2.637588289,0.440704467,8.88E-16,3.205623724,1.373789586,3.128757429
TCGA-86-8076-01A-31,2.770432024,2.165788148,0.129886562,1.078260333,2.648207471,3.716761502
TCGA-86-8278-01A-11,2.530416517,4.024852377,1.55E-15,3.200356875,3.987648559,2.22E-16
TCGA-86-8279-01A-11,2.358515836,2.05606133,5.992822643,4.935516994,2.441164688,3.724115024
TCGA-86-8280-01A-11,1.776375969,0.697584597,0,3.555998099,0.278533667,2.579077551
TCGA-86-8281-01A-11,2.78987845,2.494679187,4.888867428,4.185748733,3.199112596,4.086677404
TCGA-86-8358-01A-11,3.819377028,1.655328153,6.621668601,5.274027114,2.599085786,5.794049608
TCGA-86-8359-01A-11,2.364809086,2.061913324,4.687002104,3.185448216,1.406480713,3.865140394
TCGA-86-8585-01A-11,2.21019214,3.63749869,5.785642583,4.945470658,4.340802334,4.753491686
TCGA-86-8668-01A-11,2.777390105,1.202768082,0,0.014056081,0.715447603,3.385556226
TCGA-86-8669-01A-11,2.577650893,1.27247689,4.007048725,4.191264101,1.883247945,3.387729044
TCGA-86-8671-01A-11,2.158620242,1.56530021,0,1.549447842,1.941746137,3.291268121
TCGA-86-8672-01A-21,3.159863758,3.165212031,4.823094777,3.177390116,2.793699778,4.932576342
TCGA-86-8673-01A-11,2.150690751,2.990037253,5.546258153,4.610927156,2.791411266,5.233056478
TCGA-86-8674-01A-21,1.54091494,3.416408542,5.435813509,3.789390165,2.483322931,3.668202935
TCGA-86-A456-01A-11,1.760733455,3.151110574,5.601823286,4.623725328,2.554867059,3.328590892
TCGA-86-A4JF-01A-11,5.369609318,3.984639316,4.409820631,7.029211213,4.190444233,0
TCGA-86-A4P7-01A-11,2.522888733,2.387690168,0,2.708022777,2.879725232,3.521589341
TCGA-86-A4P8-01A-11,0,0,0,0.239256548,0,1.004190105
TCGA-91-6828-01A-11,2.844053789,2.011340751,5.142584762,2.518346074,2.75519034,4.825043924
TCGA-91-6829-01A-21,1.961065224,2.692114436,5.81990702,5.27901292,3.355459551,5.314951329
TCGA-91-6830-01A-11,0.415313677,4.651789552,2.721873215,4.155338641,4.834819826,0
TCGA-91-6831-01A-11,2.191212053,2.22E-16,4.830466067,4.734643422,2.060877254,4.489859206
TCGA-91-6835-01A-11,2.262641881,1.980024848,2.961330935,0,2.239840614,4.261541033
TCGA-91-6836-01A-21,2.795636639,2.489393408,5.960140314,4.798177421,2.674733673,3.70033639
TCGA-91-6848-01A-11,1.619326314,3.469041823,5.707609769,5.211040516,4.135392078,4.999904862
TCGA-91-6849-01A-11,1.518872763,1.94447448,4.330781983,3.180112508,0.448231654,3.550314585
TCGA-91-7771-01A-11,1.80818964,2.41347646,4.331471192,4.00822965,2.444615356,4.554890367
TCGA-91-8496-01A-11,2.254530446,0.713151136,0.203044346,3.406427134,1.283990258,0
TCGA-91-8497-01A-11,2.421018624,1.161688295,1.787758089,1.572578867,0,3.576613389
TCGA-91-8499-01A-11,2.718401291,3.943144848,4.88160682,4.710334294,4.003915876,3.199463342
TCGA-91-A4BC-01A-11,3.176913571,1.597617236,5.81376882,4.308029826,2.782313973,4.508184743
TCGA-91-A4BD-01A-11,2.03203573,1.44788971,0,2.674046357,0,1.529908269
TCGA-93-7347-01A-11,1.60996691,1.613286815,4.437690004,3.565888313,2.019423885,2.525239858
TCGA-93-7348-01A-21,2.799278122,2.40036894,3.546650581,1.91018936,1.281885266,4.226618735
TCGA-93-8067-01A-11,3.040747463,5.503448183,3.697511902,4.751070172,5.475998407,0
TCGA-93-A4JN-01A-11,2.549772077,2.252848796,0,3.719583804,1.499267276,3.388439854
TCGA-93-A4JO-01A-21,1.041671761,1.159161993,1.275424716,3.918835231,2.403044929,0
TCGA-93-A4JP-01A-11,2.501990761,2.924642783,2.359799114,1.866732187,2.124618551,3.488597628
TCGA-93-A4JQ-01A-11,0.975405989,2.816886794,3.11E-15,4.179528214,3.63985576,3.144225102
TCGA-95-7039-01A-11,3.526771085,3.25598047,6.899616361,5.002391806,3.327838148,5.842095008
TCGA-95-7043-01A-11,3.74532312,2.977954223,6.834906463,4.393785077,3.540906025,5.346364249
TCGA-95-7562-01A-11,3.157412698,0,5.808619514,7.77E-15,1.357675613,4.558542571
TCGA-95-7567-01A-11,4.712504255,0,5.341378986,6.614154462,1.842534723,6.66E-16
TCGA-95-7944-01A-11,2.304127187,4.684293683,0,2.472668771,4.807948466,4.070195793
TCGA-95-7947-01A-11,0,4.764522481,5.103690934,5.457057752,4.61842129,3.412988336
TCGA-95-7948-01A-11,2.571161838,4.323196496,0,2.914657058,4.370044469,4.22E-15
TCGA-95-8039-01A-11,2.364780342,2.516984502,2.084066788,3.955253662,2.21325749,2.988215949
TCGA-95-8494-01A-11,3.037667542,3.705558775,2.224934004,3.579725123,3.379433564,0
TCGA-95-A4VK-01A-11,3.152227498,1.38439791,5.175188001,2.839952605,0,4.473632979
TCGA-95-A4VN-01A-11,2.667796494,2.746648408,5.762170688,2.647504307,2.912205404,5.23349878
TCGA-95-A4VP-01A-21,1.706783564,0,4.43771779,4.212080015,1.226805312,0
TCGA-97-7546-01A-11,2.085170186,0,5.328106797,4.340038939,2.648006801,3.436247331
TCGA-97-7547-01A-11,2.596764167,3.158460182,4.463605413,3.785125909,3.683333532,2.913737794
TCGA-97-7552-01A-11,2.444508868,0,2.288977572,3.422051889,0,1.788096293
TCGA-97-7553-01A-21,2.668243452,0.785237615,2.070798164,0.521563248,0,3.258796734
TCGA-97-7554-01A-11,2.983589901,2.225516324,5.774174319,4.570567314,1.906015238,4.661356097
TCGA-97-7937-01A-11,3.142275149,2.250845147,5.788941241,4.952648943,2.927747317,1.885289563
TCGA-97-7938-01A-11,2.588732916,2.744624798,5.615485318,4.656210397,3.57460493,3.862089884
TCGA-97-7941-01A-11,2.747425191,2.336247406,3.954485912,5.11E-15,2.106567361,3.729694949
TCGA-97-8172-01A-11,3.34372062,0,5.044459807,3.840330967,0,4.465613245
TCGA-97-8174-01A-11,3.01010009,1.761255041,4.356082516,3.686757967,3.000089305,3.805263918
TCGA-97-8175-01A-11,1.650848836,1.253779352,0.947897921,2.572577913,0,2.975795287
TCGA-97-8176-01A-11,2.531790361,3.396887261,3.882462753,4.274209501,3.321783913,1.70043444
TCGA-97-8177-01A-11,1.901206361,1.86208725,2.22E-16,2.906921524,0,3.023760871
TCGA-97-8179-01A-11,1.604530936,0.50497137,4.638299153,2.525866766,2.135386196,4.357184517
TCGA-97-8547-01A-11,2.768522632,2.449611893,0,3.552852285,2.040308046,0
TCGA-97-8552-01A-11,1.639213435,0.450108041,0.800909664,2.636811554,0.313170728,2.301246312
TCGA-97-A4LX-01A-11,0.533959644,0,4.650666079,3.194896904,1.240635846,4.42812494
TCGA-97-A4M0-01A-11,1.937210254,3.4554067,5.480535599,4.000153723,3.568701704,4.831007779
TCGA-97-A4M1-01A-11,2.730066251,1.931524198,1.89312993,0,1.773718562,3.228161914
TCGA-97-A4M2-01A-12,1.43109959,1.36718448,1.989054713,2.361619502,1.940529991,1.612082018
TCGA-97-A4M3-01A-11,2.582651817,2.670982765,4.900491943,2.174843693,2.698997045,4.030555413
TCGA-97-A4M5-01A-11,2.213120425,4.322149777,4.44E-16,3.517825419,4.08556393,2.434188654
TCGA-97-A4M6-01A-11,1.191508764,1.634079315,0,3.345858725,0.469184527,2.151714299
TCGA-97-A4M7-01A-11,2.62107907,1.94157331,5.534799939,3.389688009,1.814410557,4.206608505
TCGA-99-7458-01A-11,1.602067307,0.794540775,5.849651879,4.811536332,2.212858827,4.601640349
TCGA-99-8025-01A-11,3.335609902,4.246344868,5.313602261,4.97222115,4.423517203,4.13096856
TCGA-99-8028-01A-11,1.547356145,0,5.934770477,4.239836698,1.363006074,4.454850554
TCGA-99-8032-01A-11,3.268674901,2.365925353,5.561067757,3.907459802,2.739740839,4.715940835
TCGA-99-8033-01A-11,2.671564823,1.913787612,4.184442645,3.308629141,0,4.55036853
TCGA-99-AA5R-01A-11,0,0,3.782980993,2.759167693,0.204755684,2.488170052
TCGA-J2-8192-01A-11,2.626221212,1.410732704,0,3.803719266,1.184650522,3.432124373
TCGA-J2-8194-01A-11,2.997472287,1.706351553,4.182777349,4.171449018,0.021450034,3.613016205
TCGA-J2-A4AD-01A-11,3.005258199,3.897748236,3.815587468,3.54603858,4.617402671,5.044762139
TCGA-J2-A4AE-01A-21,2.275849422,1.786398971,0,3.587575684,2.261383463,1.714373552
TCGA-J2-A4AG-01A-11,2.862108513,0.864967792,3.718375501,2.01578573,1.684629397,3.689684034
TCGA-L4-A4E5-01A-11,2.548524554,2.165061456,5.612814706,3.656813731,0.216835081,4.36440532
TCGA-L4-A4E6-01A-11,0.781347196,0.744016471,1.929876159,0,1.612880787,2.064813356
TCGA-L9-A443-01A-12,2.353930032,1.649157286,4.679053864,1.11E-15,1.023479276,5.061452171
TCGA-L9-A444-01A-21,2.678103723,2.247990769,6.051775721,3.746005813,1.172227211,5.115153135
TCGA-L9-A50W-01A-12,1.607127204,1.989779985,0,4.44E-16,0,3.284574265
TCGA-L9-A5IP-01A-21,1.783170803,2.61660144,5.398337383,4.355432707,1.950867648,3.272919499
TCGA-L9-A743-01A-43,1.498042578,3.318906467,3.872456944,3.851792241,3.583780223,0
TCGA-L9-A7SV-01A-11,3.884709339,1.767695889,7.331337195,1.29E-14,3.447468231,5.800305488
TCGA-L9-A8F4-01A-11,3.076455187,2.789962166,6.152633153,3.551398323,3.499313304,5.927273213
TCGA-MN-A4N1-01A-11,3.583569853,1.739384176,5.649677309,3.582863491,2.836955508,5.268190276
TCGA-MN-A4N4-01A-12,3.073457821,5.261749547,6.95632528,5.497745056,5.328892381,4.713538833
TCGA-MN-A4N5-01A-11,2.301666145,3.250533006,5.722906901,4.621223077,2.766793358,4.441318238
TCGA-MP-A4SV-01A-11,2.699659585,4.095704637,4.645495353,4.089832595,4.242716993,4.825125984
TCGA-MP-A4SW-01A-21,3.292792876,1.903285383,0,0,1.6017229,3.959146889
TCGA-MP-A4SY-01A-21,2.577736819,1.154549639,3.663063519,4.021007998,2.860617554,4.515791598
TCGA-MP-A4T4-01A-11,2.220137859,2.777470659,5.563425903,4.659671996,2.703448054,3.929260813
TCGA-MP-A4T6-01A-32,2.734462007,2.278973433,0,3.858250814,2.573371141,2.428296773
TCGA-MP-A4T7-01A-11,2.385802744,1.779675792,4.777938485,3.326996044,0,0.399227648
TCGA-MP-A4T8-01A-11,2.039672719,2.225185581,3.988525833,4.16654708,0.095897333,0
TCGA-MP-A4T9-01A-11,0.465827159,1.786002649,2.601230599,3.121891799,1.791421717,0.82134556
TCGA-MP-A4TA-01A-21,2.93925177,1.966854683,5.205790638,4.545615458,2.831359787,4.870900008
TCGA-MP-A4TC-01A-11,1.93483238,2.989422459,5.332197366,4.318244501,2.225063705,0
TCGA-MP-A4TD-01A-32,2.448722779,0.086663356,3.607065413,3.269239391,1.01202938,3.138399908
TCGA-MP-A4TE-01A-22,3.544090593,0,4.189057969,2.374439013,0,4.169547786
TCGA-MP-A4TF-01A-11,2.488869327,1.633824463,5.672795032,4.015059438,2.474102821,5.060599092
TCGA-MP-A4TH-01A-31,2.693749568,0.247964786,3.386999678,3.327265799,0,4.241217868
TCGA-MP-A4TI-01A-21,2.806569541,4.659729822,4.141182807,1.786083526,4.108856671,4.191458466
TCGA-MP-A4TJ-01A-51,2.371848714,0,3.653077701,3.6279426,0.025639151,3.466619085
TCGA-MP-A4TK-01A-11,1.138147173,3.498051233,5.495037803,4.364207337,3.46201859,3.826006623
TCGA-MP-A5C7-01A-11,2.301772017,1.148585226,3.391604908,4.027862784,0,0
TCGA-NJ-A4YF-01A-12,2.939843862,0.514241383,6.216814371,0,2.486053071,5.435016443
TCGA-NJ-A4YG-01A-22,2.872917593,3.14877573,3.991062814,4.093563041,2.993813354,3.177085902
TCGA-NJ-A4YI-01A-11,2.856902199,2.540284416,5.735464338,4.605236672,2.255188424,4.397027657
TCGA-NJ-A4YP-01A-11,2.233465818,5.486651137,4.781202322,3.871830623,5.175958993,4.510600765
TCGA-NJ-A4YQ-01A-11,1.944088637,0.649485208,6.823253532,5.420707894,2.46848568,5.243251169
TCGA-NJ-A55A-01A-11,0.835311018,1.108620669,4.441956984,3.836370776,1.590876472,2.438715047
TCGA-NJ-A55O-01A-11,2.033103414,1.706235233,4.837350929,2.983733513,1.784707058,0
TCGA-NJ-A55R-01A-11,0.52658387,1.212440189,4.984658245,4.209744634,1.389484814,4.558491935
TCGA-NJ-A7XG-01A-12,2.684845216,0,2.462106904,2.638485993,0.4617786,1.616546854
TCGA-O1-A52J-01A-11,2.06743729,1.615067611,4.524676007,4.293792291,1.895079245,2.461726919
TCGA-S2-AA1A-01A-12,1.676322083,0.615350716,4.317109495,2.443778317,0,3.813654785